id,first_name,last_name,email,gender,car_model,college
1,Tremain,Vernalls,tvernalls0@scribd.com,Male,Rodeo,Universidad Autónoma Metropolitana
2,Jonathon,Sonschein,jsonschein1@ted.com,Male,Neon,Université du Maine
3,Chick,Costard,ccostard2@photobucket.com,Male,LHS,Xinjiang Normal University
4,Clarabelle,Scarfe,cscarfe3@time.com,Female,Diamante,Instituto Mauá de Tecnologia
5,Meade,Leband,mleband4@prlog.org,Female,Parisienne,Universidad de la Integración de las Americas (UNIDAD)
6,Berte,Ewens,bewens5@time.com,Female,Continental,Nagoya University of Commerce and Business Administration
7,Lodovico,Pulley,lpulley6@va.gov,Male,Forester,University of Kentucky
8,Marlie,Dench,mdench7@unicef.org,Female,Sky,Université Badji Mokhtar
9,Mischa,Willmett,mwillmett8@pbs.org,Male,Aurora,Nortre Dame Seishin University
10,Cornelle,Seiler,cseiler9@cmu.edu,Non-binary,Safari,Mississippi College
11,Barbi,Bellinger,bbellingera@jiathis.com,Female,Legacy,Dokkyo University School of Medicine
12,Tracey,Jephcott,tjephcottb@twitter.com,Male,Dakota Club,Kasem Bundit University
13,Karon,McGuffog,kmcguffogc@posterous.com,Agender,QX,Shandong Agricultural University
14,Trip,Sealy,tsealyd@yahoo.com,Male,5 Series,"Music Academy ""Karol Szymanowski"" in Katowice"
15,Carrissa,Bonus,cbonuse@yahoo.co.jp,Female,Camaro,Instituto Superior de Ciências Educativas
16,Berkeley,Grzegorzewski,bgrzegorzewskif@economist.com,Male,Accord,Ecole Centrale de Nantes
17,Dimitry,Orsman,dorsmang@gnu.org,Male,NSX,Universität Duisburg-Essen
18,Xena,Busk,xbuskh@cnbc.com,Female,Fusion,Islamic University of Gaza
19,Daune,Lys,dlysi@usatoday.com,Female,9-7X,University of Ancona
20,Cleveland,Pashe,cpashej@posterous.com,Male,Town Car,Universitas Merdeka Madiun
21,Carole,Chiommienti,cchiommientik@epa.gov,Female,Accord,Chongqing University
22,Godfry,Morphew,gmorphewl@acquirethisname.com,Male,Civic,Universidade do Sagrado Coração
23,Morse,Grelka,mgrelkam@prnewswire.com,Male,Ram 50,University of Maribor
24,Monika,Dumper,mdumpern@shop-pro.jp,Female,X3,Pes University
25,Eziechiele,Lander,elandero@comcast.net,Male,Touareg,Universidade Federal do Maranhão
26,Mona,Wardell,mwardellp@weebly.com,Female,Suburban 1500,"University College of Arts, Crafts and Design"
27,Jenny,Swallwell,jswallwellq@ocn.ne.jp,Female,Jetta,Centre Universitaire de Tebessa
28,Billy,Rignoldes,brignoldesr@163.com,Female,MKX,Ecole Supérieure de Chimie Physique Electronique de Lyon
29,Ewen,Zanitti,ezanittis@gnu.org,Male,G-Class,Academy of Arts
30,Dell,Laible,dlaiblet@slate.com,Female,Legacy,Medical Academy in Lublin
31,Lawrence,Rableau,lrableauu@thetimes.co.uk,Male,Park Avenue,Alhosn University
32,Sandy,Knox,sknoxv@squarespace.com,Bigender,Avenger,City University
33,Terrance,Widdocks,twiddocksw@cyberchimps.com,Male,MKX,Kostroma State Technological University
34,Sena,Glascott,sglascottx@adobe.com,Non-binary,X3,Université Libre de Bruxelles
35,Marlane,Allardyce,mallardycey@ihg.com,Genderfluid,5000S,University of Texas Medical Branch Galveston
36,Mitch,Foxcroft,mfoxcroftz@yandex.ru,Male,Mustang,Franklin University
37,Pattie,Daulby,pdaulby10@usa.gov,Male,LX,Sumgait State University
38,Hinze,Jenik,hjenik11@yellowbook.com,Male,XJ,Higher School of Economics
39,Elsinore,Trevna,etrevna12@goo.ne.jp,Female,Astro,Belarussian State Economic University
40,Vita,Pien,vpien13@canalblog.com,Female,Laser,Stavropol State University
41,Gabriel,Stern,gstern14@samsung.com,Female,FCX Clarity,Université de Marne la Vallée
42,Maegan,Druitt,mdruitt15@barnesandnoble.com,Female,Scoupe,Minia University
43,Perrine,Layhe,playhe16@blogspot.com,Female,Tahoe,Toho University
44,Bradly,Devanney,bdevanney17@dropbox.com,Male,Fit,Technical University of Lodz
45,Davidde,Rattenbury,drattenbury18@booking.com,Male,Montero,Greenville College
46,Rad,Cremin,rcremin19@vkontakte.ru,Male,Impreza,New Mexico Institute of Mining and Technology
47,Lavinie,Feeney,lfeeney1a@bluehost.com,Female,CLK-Class,Universidad Nacional de Tres de Febrero
48,Magnum,Oulett,moulett1b@spiegel.de,Male,Yaris,Ruhr-Universität Bochum
49,Emalia,Johnsson,ejohnsson1c@ning.com,Female,Elan,Pontifícia Universidade Católica do Rio Grande do Sul
50,Tommie,Clingoe,tclingoe1d@bing.com,Male,Murano,Ukhta State Technical University
51,Bibbie,Haldenby,bhaldenby1e@t.co,Female,S-Class,Universidade de Lisboa
52,Edmon,Dungey,edungey1f@flickr.com,Male,XC70,Universidad Nacional de Ingenieria
53,Odell,Huitson,ohuitson1g@vimeo.com,Male,Familia,Capella University
54,Danette,Denziloe,ddenziloe1h@psu.edu,Female,LeSabre,Wolaita Sodo University
55,Briggs,Tester,btester1i@webs.com,Bigender,Sephia,Sapporo Medical University
56,Dorey,Glading,dglading1j@economist.com,Male,Neon,Karaganda State Buketov University
57,Ferdie,Stickells,fstickells1k@blogspot.com,Male,Camry,Kanazawa College of Economics
58,Jorrie,Oxbrow,joxbrow1l@zdnet.com,Female,T100 Xtra,Universidad de Morón
59,Nicola,MacGillespie,nmacgillespie1m@jimdo.com,Male,Elantra,Mount Mary College
60,Ivette,Bulward,ibulward1n@ow.ly,Female,Firebird,Narsee Monjee Institute of Management Studies
61,Loralie,Peskett,lpeskett1o@mapy.cz,Female,TSX,Fachhochschule Aachen
62,Edsel,Schlagtmans,eschlagtmans1p@discovery.com,Male,Mustang,University of Marketing and Distribution Sciences
63,Muffin,Hullbrook,mhullbrook1q@java.com,Male,NSX,"Islamic Azad University, Tafresh"
64,Stephan,Dailey,sdailey1r@google.ca,Male,Ram 1500 Club,Centre Universitaire de Jijel
65,Brenna,Anyon,banyon1s@ebay.com,Female,Cruze,Mar Athanasios College for Advanced Studies
66,Hermie,Marke,hmarke1t@amazonaws.com,Male,CR-X,Scandinavian Art and Business Institute
67,Kakalina,Piotr,kpiotr1u@aol.com,Female,LS,Rogers State University
68,Gisela,Meriguet,gmeriguet1v@wired.com,Agender,RX,Pennsylvania State University
69,Sherwin,MacAdam,smacadam1w@fotki.com,Male,Range Rover,Wayo Women's University
70,Rand,Pittoli,rpittoli1x@dedecms.com,Male,California,University of West Bohemia
71,Mira,Belderson,mbelderson1y@youtu.be,Female,Express 1500,American University in Cairo
72,Timoteo,Dimbylow,tdimbylow1z@shinystat.com,Non-binary,del Sol,Moscow State University M.V. Lomonosov
73,Mariana,Delacoste,mdelacoste20@wikispaces.com,Female,Galant,North South University
74,Mirella,Jupe,mjupe21@privacy.gov.au,Female,MR2,Open University Malaysia
75,Marv,Domaschke,mdomaschke22@qq.com,Polygender,599 GTB Fiorano,Benedictine University
76,Stormi,Bruggeman,sbruggeman23@europa.eu,Female,Jetta III,Global University
77,Caitlin,Draude,cdraude24@ibm.com,Female,I,Lahore College for Women University
78,Rob,Wyke,rwyke25@uol.com.br,Male,GTI,Texas A&M University
79,Jenny,Fevier,jfevier26@ebay.co.uk,Female,H3,Juniata College
80,Yves,Maas,ymaas27@ifeng.com,Non-binary,Aerostar,Instituto Politécnico de Beja
81,Lancelot,Abrami,labrami28@naver.com,Male,Escort,Universidad Nacional Autónoma de México
82,Heidi,Kemmish,hkemmish29@mapquest.com,Female,M5,Universitas Negeri Surabaya
83,Rutherford,Chown,rchown2a@discovery.com,Non-binary,Boxster,"Independent University, Bangladesh"
84,Berna,Falkinder,bfalkinder2b@home.pl,Female,Yukon XL 1500,University of Split
85,Mariel,Ingyon,mingyon2c@bloglines.com,Female,Civic Si,Otis College of Art & Design
86,Ernesto,Tesoe,etesoe2d@narod.ru,Male,Legacy,Fachhochschule Frankfurt am Main
87,Ned,Sowley,nsowley2e@ca.gov,Male,TundraMax,St.Cyril and Methodius University
88,Warden,McAless,wmcaless2f@etsy.com,Male,Dakota,Paul University
89,Clarie,Titford,ctitford2g@marriott.com,Female,Sierra,Olivet Nazarene University
90,Ettore,A'field,eafield2h@issuu.com,Male,Riviera,"National Museum Institute of History of Art, Conservation and Museology"
91,Patrizius,Khilkov,pkhilkov2i@opera.com,Male,H3,Lebanese American University
92,Derek,Fishleigh,dfishleigh2j@rediff.com,Male,Town & Country,Universität Dortmund
93,Rance,Glassborow,rglassborow2k@taobao.com,Male,C-Class,Universidad de San Miguel
94,Dawna,MacAlinden,dmacalinden2l@indiatimes.com,Polygender,Civic,Bahrain Polytechnic
95,Willie,Cottell,wcottell2m@huffingtonpost.com,Bigender,928,Mindanao State University - Iligan Institute of Technology
96,Moll,Kumar,mkumar2n@list-manage.com,Female,Town Car,Sistema Universitario Ana G. Méndez
97,Torey,Horche,thorche2o@nhs.uk,Female,Suburban 2500,Manchester College
98,Samuel,Blackbourn,sblackbourn2p@sun.com,Male,Laser,Hokkaido Tokai University
99,Brenden,McComb,bmccomb2q@bigcartel.com,Male,Blazer,University of Illinois at Springfield
100,Erma,Highwood,ehighwood2r@dedecms.com,Bigender,Mustang,Technische Fachhochschule Berlin
101,Tarra,Stille,tstille2s@mtv.com,Female,Catera,University College of Gävle
102,Gaylord,Alwin,galwin2t@harvard.edu,Male,Lancer,Universitas Islam Sumatera Utara
103,Markos,Pavic,mpavic2u@ucoz.ru,Male,S-Type,Universidade Estadual do Norte Fluminense
104,Vin,Gaskill,vgaskill2v@redcross.org,Female,Camry Hybrid,Ambrose Alli University
105,Dido,Arnoult,darnoult2w@cyberchimps.com,Female,Express 1500,Ouachita Baptist University
106,Nico,Stratford,nstratford2x@printfriendly.com,Male,G-Class,Prince Mohammad Bin Fahd University
107,Zonnya,Kinnear,zkinnear2y@clickbank.net,Female,Mulsanne,London Metropolitan University
108,Diena,Gravells,dgravells2z@yellowpages.com,Bigender,Suburban 2500,University of North London
109,Janna,Colliss,jcolliss30@mac.com,Female,Countryman,Europa-Universität Viadrina Frankfurt (Oder)
110,Wilbert,Bloomfield,wbloomfield31@altervista.org,Male,Bonneville,Aalborg University
111,Berget,Pescott,bpescott32@desdev.cn,Female,Yukon XL 2500,Ho Polytechnic 
112,Caterina,Braunle,cbraunle33@vkontakte.ru,Female,MPV,Pace University  Pleasantville/Briarcliff
113,Langsdon,Atton,latton34@imageshack.us,Male,9000,Universidad Católica Santa María La Antigua
114,Conrad,Fettiplace,cfettiplace35@nhs.uk,Male,S60,Universidad Privada Abierta Latinoamericana
115,Maisey,Lester,mlester36@xing.com,Female,RX-8,Estonian Academy of Security Sciences
116,Millicent,Poundford,mpoundford37@dailymail.co.uk,Female,Talon,Deutsche Hochschule für Verwaltungswissenschaften Speyer
117,Romona,Kingscote,rkingscote38@arizona.edu,Agender,1500 Club Coupe,E.A.P. Europäische Wirtschaftshochschule Berlin
118,Vivyanne,Dyte,vdyte39@cbslocal.com,Female,Quest,Instituto Universitario CEMA
119,Ansley,Aisthorpe,aaisthorpe3a@patch.com,Female,Express 1500,Deutsche Hochschule für Verwaltungswissenschaften Speyer
120,Michal,Foxen,mfoxen3b@newsvine.com,Genderfluid,Continental,Ecole Nationale Vétérinaire de Nantes
121,Atlante,Red,ared3c@loc.gov,Female,Celica,Institute of Management and Technical Studies 
122,Chen,Poles,cpoles3d@wordpress.com,Male,Eclipse,Ethiopian Civil Service University
123,Forester,Drayton,fdrayton3e@list-manage.com,Male,Ram 3500,Hsuan Chuang University
124,Aluino,Tippell,atippell3f@examiner.com,Male,Blazer,American University of Afghanistan
125,Elane,Claworth,eclaworth3g@ebay.com,Female,3500 Club Coupe,European University at St.Petersburg
126,Karlyn,Tilliard,ktilliard3h@mashable.com,Female,GTO,"Federal Urdu University of Arts,Science and Technology"
127,Ingrim,Fullerd,ifullerd3i@home.pl,Male,Altima,Mount St. Mary's College California
128,Micky,Scherer,mscherer3j@meetup.com,Female,2500 Club Coupe,Bauder College
129,Arin,Apted,aapted3k@freewebs.com,Male,PT Cruiser,Flagler College
130,Donnamarie,Dioniso,ddioniso3l@hp.com,Female,Echo,Tokyo University of Information Sciences
131,Natale,Beric,nberic3m@indiatimes.com,Male,300,University of Denver
132,Celina,Wheadon,cwheadon3n@arizona.edu,Female,Sephia,Dalian Martime University
133,Jordanna,Wandrich,jwandrich3o@google.co.uk,Non-binary,Samurai,Asian Business School
134,Jud,Attiwill,jattiwill3p@flickr.com,Male,Corrado,Academia Tehnica Militara
135,Kendrick,Merrison,kmerrison3q@usda.gov,Male,Tacoma Xtra,National University of Singapore
136,Tabbi,Karsh,tkarsh3r@arstechnica.com,Female,Firebird,"Arizona State University, Tempe Campus"
137,Hunfredo,Manklow,hmanklow3s@icq.com,Male,Continental Flying Spur,Mendeleev Russian University of Chemical Technology
138,Cleopatra,Hellicar,chellicar3t@microsoft.com,Female,Bonneville,National College of Physical Education and Sports
139,Karim,Collop,kcollop3u@nps.gov,Male,Galant,York University
140,Marie-ann,Rotherforth,mrotherforth3v@unc.edu,Female,Sable,Universidad Nacional
141,Zia,Libbe,zlibbe3w@google.com.au,Female,R-Class,Kharkiv State Medical University
142,Christine,Lavrick,clavrick3x@zdnet.com,Female,ES,Université des Antilles et de la Guyane
143,Tonnie,Partner,tpartner3y@parallels.com,Male,4Runner,Institut des Hautes Etudes de Management
144,Oneida,Goldbourn,ogoldbourn3z@seattletimes.com,Female,350Z,Universidad Católica de La Plata
145,Hewett,Cancutt,hcancutt40@gizmodo.com,Male,Tiburon,University of Rio Grande
146,Ephrem,Edlington,eedlington41@europa.eu,Non-binary,Truck,Stockholm Institute of Education
147,Fania,Chadwin,fchadwin42@example.com,Female,Land Cruiser,Georgia Baptist College of Nursing
148,Ignacius,Peskett,ipeskett43@foxnews.com,Male,Park Avenue,Universidad Rafael Urdaneta
149,Nevin,Comford,ncomford44@last.fm,Male,Eclipse,Universidad Pontificia Bolivariana
150,Vernon,Broadey,vbroadey45@mapy.cz,Male,X-Type,Meio University
151,Carlynne,Bruckmann,cbruckmann46@bigcartel.com,Female,Probe,Nanjing University of Economics
152,Hussein,Tweedlie,htweedlie47@reference.com,Male,Savana 2500,Universidad de Cádiz
153,Obidiah,Doone,odoone48@princeton.edu,Genderqueer,928,Shanghai Television University
154,Becka,Palliser,bpalliser49@wikimedia.org,Female,Cressida,Universidad de El Salvador
155,Nana,Stiven,nstiven4a@google.co.uk,Female,Bonneville,Moore College of Art and Design
156,Rurik,Longhorn,rlonghorn4b@furl.net,Male,Town & Country,Binary University College of Managemant & Entrepreneurship
157,Esdras,Cote,ecote4c@icio.us,Male,X-Type,Universidad Nacional del Comahue
158,Madelin,Hayter,mhayter4d@t-online.de,Genderqueer,100,Oita Medical University
159,Rena,Gilliatt,rgilliatt4e@yandex.ru,Female,Spectra,Universidad Mexicana
160,Les,Kidwell,lkidwell4f@meetup.com,Male,Civic,Universidad Santa Paula
161,Gallard,Slorance,gslorance4g@photobucket.com,Male,CR-V,Mennonite College of Nursing
162,Faythe,Mossman,fmossman4h@buzzfeed.com,Female,929,Polytechnic University of the Philippines
163,Dorella,Milkeham,dmilkeham4i@alexa.com,Female,Impreza,University of Southern Mindanao
164,Selma,Gannicott,sgannicott4j@usda.gov,Female,E-Class,Hvanneyri Agricultural University
165,Corliss,Giacomo,cgiacomo4k@ucsd.edu,Female,Ram 1500,University of National and World Economy
166,Derick,Curson,dcurson4l@china.com.cn,Male,F430,Universidad Don Vasco
167,Venus,Netting,vnetting4m@globo.com,Female,B-Series,Universitat de Barcelona
168,Tye,Bartalot,tbartalot4n@slashdot.org,Male,Genesis Coupe,North Island College
169,Gwyneth,Jehaes,gjehaes4o@miitbeian.gov.cn,Female,New Beetle,Norwegian School of Economics and Business Administration
170,Stanislaus,Mantram,smantram4p@fotki.com,Male,GS,Westbrook University 
171,Raul,Long,rlong4q@scientificamerican.com,Male,3 Series,University of Central Oklahoma
172,Rooney,Petru,rpetru4r@china.com.cn,Male,Justy,Uludag University
173,Morissa,Levinge,mlevinge4s@yale.edu,Female,Sierra 1500,American University of Science and Technology
174,Jonie,Iannitti,jiannitti4t@imdb.com,Female,Cougar,Auchi Polytechnic
175,Orion,Prendeville,oprendeville4u@booking.com,Male,Rio,Birsa Agricultural University
176,Fayth,Rochford,frochford4v@jimdo.com,Female,Commander,Yorker International University
177,Sherry,Goforth,sgoforth4w@hp.com,Non-binary,Contour,Université François Rabelais de Tours
178,Phedra,Inkles,pinkles4x@histats.com,Female,Savana,St. Elizabeth’s College of Health and Social Sciences in Bratislava
179,Normand,Ogglebie,nogglebie4y@earthlink.net,Male,Sequoia,"Rutgers, The State University of New Jersey - Camden"
180,Erhart,MacGruer,emacgruer4z@storify.com,Male,GTI,Bezalel Academy of Art and Design
181,Baillie,Feye,bfeye50@bizjournals.com,Male,Reno,ICT College
182,Daron,Sigge,dsigge51@who.int,Non-binary,Grand Marquis,Taj Institute of Higher Education
183,Joshia,Kobisch,jkobisch52@omniture.com,Male,Truck,Presbyterian College
184,Celestina,Applewhite,capplewhite53@statcounter.com,Female,Caliber,Technological University of Podillya
185,Darcy,Jery,djery54@weebly.com,Male,FX,Punjab Institute of Computer science
186,Marcelle,Coale,mcoale55@flickr.com,Female,Grand Am,Fachhochschule Kärnten
187,Ki,Critten,kcritten56@pagesperso-orange.fr,Female,Bronco,Universidad Nacional de La Rioja
188,Georgi,Donner,gdonner57@is.gd,Male,M5,Pädagogische Hochschule Heidelberg
189,Edy,Langtree,elangtree58@yandex.ru,Female,B-Series Plus,Hamamatsu University School of Medicine
190,Sephira,Whotton,swhotton59@netlog.com,Female,Rogue,University of Foggia
191,Hana,Fuller,hfuller5a@google.com.hk,Female,MPV,DePaul University
192,Bebe,Glenny,bglenny5b@blogger.com,Female,Caravan,Dalian University of Technology
193,Merlina,Senussi,msenussi5c@furl.net,Female,Integra,Omsk State Pedagogical University
194,Pen,De Hooge,pdehooge5d@addtoany.com,Female,Ram 3500,North West Frontier Province Agricultural University
195,Clem,Merlin,cmerlin5e@shutterfly.com,Male,Esteem,Ursinus College
196,Nicholas,Moylan,nmoylan5f@rambler.ru,Male,Bonneville,"Universidad de Puerto Rico, Arecibo"
197,Jasper,Booton,jbooton5g@npr.org,Male,RX,United States Sports Academy
198,Nikita,Steedman,nsteedman5h@prnewswire.com,Male,C-Class,Dr. Bhim Rao Abdekar University
199,Maure,Petrozzi,mpetrozzi5i@ucoz.com,Bigender,9-5,New York School of Interior Design
200,Gerhardine,Aggas,gaggas5j@newyorker.com,Female,Club Wagon,Faculdades Integradas UPIS
201,Marigold,Labrow,mlabrow5k@ft.com,Female,9-7X,"Katholische Fachhochschule Freiburg, Hochschule für Sozialwesen, Religionspädagogik und Pflege"
202,Pearle,Jaulme,pjaulme5l@desdev.cn,Bigender,Sienna,King Fahd Security College
203,Lydon,Burde,lburde5m@yahoo.co.jp,Male,Navigator,Marietta College
204,Ingaberg,Flynn,iflynn5n@a8.net,Female,RVR,Cranfield University
205,Maggi,Semmence,msemmence5o@reuters.com,Female,626,Wesley University of Science and Technology
206,Brew,Vaun,bvaun5p@deviantart.com,Male,Corvette,University of Electronic Science and Technology of China
207,Umeko,Edwards,uedwards5q@businesswire.com,Female,Accent,"Islamic Azad University, Dehaghan"
208,Janaya,Aitken,jaitken5r@princeton.edu,Female,Grand Am,Instituto Politécnico de Bragança
209,Edouard,Lean,elean5s@hc360.com,Male,Genesis Coupe,Dow University of Health Sciences
210,Elfreda,Borzone,eborzone5t@wsj.com,Bigender,SLR McLaren,Technical University of Wroclaw
211,Koren,Valeri,kvaleri5u@cafepress.com,Female,SJ,Universidad de Los Llanos
212,Cristiano,Cosens,ccosens5v@eventbrite.com,Male,Civic,Odlar Yurdu University
213,Aharon,Janaszewski,ajanaszewski5w@mac.com,Male,900,Molloy College
214,Elliot,Gaddes,egaddes5x@wsj.com,Male,B-Series,Aarhus School of Architecture
215,Zebadiah,Callaby,zcallaby5y@ebay.com,Male,Galant,Central Buganda University
216,Babara,Cuskery,bcuskery5z@cyberchimps.com,Genderqueer,Bonneville,Universidad Nacional de Salta
217,Nicky,Ashmore,nashmore60@networkadvertising.org,Female,Wrangler,Udmurt State University
218,Stacie,Tolussi,stolussi61@weather.com,Female,CLS-Class,Kherson State University
219,Hailey,Lote,hlote62@so-net.ne.jp,Male,Savana 1500,Kokushikan University
220,Tania,McFaell,tmcfaell63@smugmug.com,Female,Cooper,Far Eastern State University
221,Kerrill,Jamison,kjamison64@twitter.com,Female,E-Series,University of Hydraulic Electric Engineering
222,Ruthe,Starmer,rstarmer65@posterous.com,Female,S-Class,Universitas 17 Agustus 1945 Banyuwangi
223,Goldy,Botton,gbotton66@java.com,Female,Mustang,Royal University of Law and Economics
224,Pattie,Scutts,pscutts67@qq.com,Polygender,Vandura 3500,St. Petersburg State University
225,Laraine,Ilbert,lilbert68@cafepress.com,Female,Eclipse,Universidade Internacional Lisboa
226,Corilla,Tubridy,ctubridy69@xrea.com,Non-binary,IS,Southern Arkansas University
227,Donnie,Curl,dcurl6a@nhs.uk,Male,Eclipse,Baker College of Muskegon
228,Cristi,Alexsandrev,calexsandrev6b@discuz.net,Female,Yaris,Florida Atlantic University
229,Bendix,Di Dello,bdidello6c@webs.com,Male,Impulse,Hebei Normal University
230,Lianna,Hillock,lhillock6d@diigo.com,Female,riolet,Winston-Salem State University
231,Brewer,Camilleri,bcamilleri6e@weibo.com,Male,Corsica,Barnard College - Columbia University
232,Lionello,Greason,lgreason6f@ucsd.edu,Agender,Diamante,Kursk State Technical University
233,Vincent,Charman,vcharman6g@multiply.com,Male,S-Series,Al-baha University
234,Daven,Schultz,dschultz6h@zdnet.com,Male,Expedition EL,Polytechnic Ibadan
235,Jayne,Duckerin,jduckerin6i@tumblr.com,Female,4000s Quattro,"University of Houston, Victoria"
236,Aubine,Baumann,abaumann6j@intel.com,Female,XL-7,Nizhny Novgorod State Academy of Medicine
237,Mabel,Riggoll,mriggoll6k@networkadvertising.org,Female,RX,Universiti Teknologi Malaysia
238,Normand,Alessandrucci,nalessandrucci6l@xrea.com,Male,Neon,Universidad Militar Nueva Granada
239,Ethel,Wadforth,ewadforth6m@studiopress.com,Female,Gallardo,City University Programs in Bulgaria 
240,Burton,Castanho,bcastanho6n@usatoday.com,Male,240SX,Jawaharlal Nehru Technological University
241,Allegra,Pitceathly,apitceathly6o@csmonitor.com,Female,LeMans,Seokyeong University
242,Gunter,McCartney,gmccartney6p@mlb.com,Male,Matrix,Haynal Imre University of Health Sciences Budapest
243,Cacilie,Hehnke,chehnke6q@aol.com,Female,GS,Jumeira University
244,Mort,Dunbobin,mdunbobin6r@amazonaws.com,Polygender,CL-Class,International Business School of Scandinavia
245,Darci,Badham,dbadham6s@theatlantic.com,Female,350Z,Pikeville College
246,Gar,Elleyne,gelleyne6t@theatlantic.com,Male,GS,Qinghai Radio & Television University
247,Leticia,Shaylor,lshaylor6u@cbslocal.com,Female,1500 Club Coupe,Linguistic University of Nizhny Novgorod
248,Hortensia,Stanner,hstanner6v@un.org,Female,TSX,Fachhochschule Hof
249,Thomas,Calyton,tcalyton6w@nymag.com,Male,TundraMax,Beder University
250,Helaina,Steljes,hsteljes6x@ameblo.jp,Female,Sierra 2500,"DeVry Institute of Technology, Irving"
251,Vicki,Hannigane,vhannigane6y@bbb.org,Female,X5,Universitat de Lleida
252,Finn,Ambrogelli,fambrogelli6z@amazon.co.uk,Polygender,Bonneville,William Jewell College
253,Erhard,Crinson,ecrinson70@booking.com,Male,Cayman,Meisei University
254,Lucinda,Opdenort,lopdenort71@networksolutions.com,Female,Continental Flying Spur,University of Illinois at Urbana-Champaign
255,Georgina,Kneel,gkneel72@china.com.cn,Female,Dakota Club,International Bible College
256,Ilene,Tohill,itohill73@dell.com,Female,Regency,Cochin University of Science and Technology
257,Kristofor,Cattle,kcattle74@spiegel.de,Male,Jetta,Kannur University
258,Heath,Seton,hseton75@soundcloud.com,Female,Swift,Maritime University in Szczecin
259,Camilla,Sidary,csidary76@merriam-webster.com,Female,Silverado 2500,Universitas Dr. R. Moestopo
260,Sonia,Kopke,skopke77@fc2.com,Genderqueer,XK Series,National College of Ireland
261,Ferguson,Gumb,fgumb78@people.com.cn,Male,VUE,Universidad de León
262,Casar,Trussell,ctrussell79@typepad.com,Male,Cherokee,Columbia College Chicago
263,Kaiser,Floris,kfloris7a@hostgator.com,Male,Taurus,"Rutgers, The State University of New Jersey - Newark"
264,Buddie,Grote,bgrote7b@dmoz.org,Non-binary,Land Cruiser,Waseda University
265,Gallagher,Pendry,gpendry7c@a8.net,Male,944,American-European School of Management 
266,Lissie,Wabersinke,lwabersinke7d@123-reg.co.uk,Female,Galant,Gulf University for Science and Technology
267,Catina,Swettenham,cswettenham7e@ibm.com,Female,Camaro,Assosa University
268,Rafaelita,Wilber,rwilber7f@fda.gov,Bigender,CR-V,Showa College of Pharmaceutical Sciences
269,Vassily,Rothon,vrothon7g@csmonitor.com,Male,ES,State University of New York Upstate Medical University 
270,Morrie,Filippazzo,mfilippazzo7h@ameblo.jp,Male,F250,Tohwa University
271,Paxon,Loweth,ploweth7i@answers.com,Male,Taurus,James Cook University of North Queensland
272,Niles,Robecon,nrobecon7j@slashdot.org,Male,Yukon XL 1500,Technological Education Institute of Larissa
273,Dionisio,Pilsbury,dpilsbury7k@boston.com,Male,Escalade ESV,Senzoku Gakuen College
274,Matilde,Maas,mmaas7l@berkeley.edu,Female,Quattroporte,Cheljabinsk State University
275,Emery,Bondy,ebondy7m@theglobeandmail.com,Male,Exige,Universidade de Pernambuco
276,Opaline,Pease,opease7n@uiuc.edu,Female,K5 Blazer,The Cooper Union for the Advancement of Science and Art
277,Susi,Kalewe,skalewe7o@timesonline.co.uk,Female,S4,Hagerstown Community College
278,Charin,Vest,cvest7p@dmoz.org,Female,Ram 2500 Club,Inchon National University of Education
279,Kathie,Pigram,kpigram7q@so-net.ne.jp,Female,Corvette,Ecole Nationale d'Ingénieurs de Metz
280,Lizabeth,Beaushaw,lbeaushaw7r@wufoo.com,Female,Imperial,Dubai Medical College for Girls
281,Florinda,Venditti,fvenditti7s@scientificamerican.com,Female,Catera,The Emirates Academy of Hotel Managment
282,Keene,Rivalant,krivalant7t@marketwatch.com,Male,5 Series,Ibrahim Babangida University
283,Glynnis,McGeown,gmcgeown7u@dailymotion.com,Female,GTO,Anhui Medical University
284,Antonina,Shephard,ashephard7v@ft.com,Non-binary,Outback,University of Bialystok
285,Pauly,Wymer,pwymer7w@dell.com,Male,Firebird,Augustana College
286,Wash,Pales,wpales7x@mapy.cz,Male,Mustang,St. Petersburg State Chemical Pharmaceutical Academy
287,Katine,Cucuzza,kcucuzza7y@wired.com,Female,Phantom,"Institute of Teachers Education, Penang"
288,Adelheid,Kopfen,akopfen7z@macromedia.com,Female,X3,Yukon College
289,Fairfax,Ellison,fellison80@typepad.com,Male,Precis,European University
290,Melita,Becket,mbecket81@zdnet.com,Female,Sonoma,Mississippi Valley State University
291,Leone,Mattei,lmattei82@slate.com,Agender,Odyssey,"European University, Athens Campus"
292,Filmore,Wort,fwort83@wunderground.com,Male,911,Universidad Veritas
293,Reinald,Kinney,rkinney84@dedecms.com,Male,Escalade EXT,Pontificia Università della Santa Croce
294,Asa,Hazelton,ahazelton85@google.de,Male,Chariot,Alahgaff University
295,Harlene,Patis,hpatis86@cargocollective.com,Female,911,Iqra University
296,Gaile,State,gstate87@weebly.com,Male,Versa,Guru Ghasidas University
297,Skyler,Lucy,slucy88@canalblog.com,Male,9000,Kirksville College of Osteopathic Medicine
298,Lynne,Sugg,lsugg89@soup.io,Female,1500,Instituto Superior de Entre Douro e Vouga
299,Ring,Simonel,rsimonel8a@psu.edu,Male,Mirage,Universidad de Oriente
300,Sayre,Krojn,skrojn8b@mapquest.com,Male,ES,Free University of Tbilisi
301,Meaghan,Ninnotti,mninnotti8c@vk.com,Female,200SX,"Institute of Education, University of London"
302,Prentiss,Sitford,psitford8d@nhs.uk,Male,G8,Botswana Accountancy College
303,Darsey,Persent,dpersent8e@icq.com,Female,S-Class,Universidade do Estado da Bahia
304,Winston,Hatzar,whatzar8f@blinklist.com,Male,S-Class,Riga Technical University
305,Denis,Hrus,dhrus8g@youku.com,Male,Econoline E150,"Concordia College, Ann Arbor"
306,Mylo,Savine,msavine8h@vistaprint.com,Polygender,MX-5,National Technological University
307,Bryant,McVeighty,bmcveighty8i@wikispaces.com,Non-binary,Colt Vista,Tri-State University
308,Harriette,Bent,hbent8j@goo.ne.jp,Female,300CE,Sido Kanhu Murmu University
309,Belle,McClements,bmcclements8k@ucoz.com,Genderqueer,Blazer,Trinity College of Music
310,Benjie,Aveson,baveson8l@narod.ru,Male,Thunderbird,"Universidad Técnica ""Federico Santa María"""
311,Faber,Dumbleton,fdumbleton8m@flavors.me,Male,Suburban 2500,Instituto Superior de Ciências Empresariais e de Turismo
312,Monroe,Neward,mneward8n@engadget.com,Male,Amigo,Jones International University
313,Reggy,Hacon,rhacon8o@ebay.com,Male,Mark VIII,University of North Carolina at Pembroke
314,Augy,Cammock,acammock8p@blogger.com,Male,Impreza,Université d'Antsiranana
315,Gennifer,Reah,greah8q@google.it,Female,4Runner,Université Catholique de Lyon
316,Sydney,Dandy,sdandy8r@behance.net,Female,Fox,"University of Roma ""Tor Vergata"""
317,Kimberley,Fischer,kfischer8s@nyu.edu,Female,Silhouette,Gratz College
318,Gerick,Bonnar,gbonnar8t@tumblr.com,Genderfluid,Silverado 1500,Delta State University
319,Merwyn,Dee,mdee8u@youtu.be,Male,Mini,PTPL College
320,Inglebert,de Broke,idebroke8v@hibu.com,Male,Excursion,Colorado State University
321,Seymour,Barff,sbarff8w@nifty.com,Male,GLK-Class,Moldova State University
322,Shell,Oels,soels8x@gov.uk,Female,Bravada,Mount Meru University
323,Georg,Chancellor,gchancellor8y@chronoengine.com,Polygender,Sundance,Nakhchivan State University
324,Barris,Ehlerding,behlerding8z@geocities.jp,Male,Durango,Northwestern College of Chiropractic
325,Casandra,Adenot,cadenot90@canalblog.com,Female,Eldorado,"Universidad Nacional Experimental de los Llanos Occidentales ""Ezequiel Zamora"""
326,Ernesta,McClymont,emcclymont91@moonfruit.com,Female,Civic,Free University of Bozen
327,Palmer,Davidove,pdavidove92@gnu.org,Male,F150,Universitas Tanjungpura
328,Gene,Utteridge,gutteridge93@dagondesign.com,Genderfluid,Grand Vitara,Russian State Hydrometeorological University
329,Biddie,Jinkinson,bjinkinson94@indiatimes.com,Female,Space,Western New Mexico University
330,Basilio,Runsey,brunsey95@wired.com,Male,XK,Williams Baptist College
331,Sherwood,Van der Daal,svanderdaal96@yahoo.co.jp,Male,Monte Carlo,Sichuan Fine Art Institute
332,Renado,Baynton,rbaynton97@odnoklassniki.ru,Male,Gallardo,College of St. Joseph
333,Gusta,Jahn,gjahn98@indiegogo.com,Female,Dakota Club,Bratislava International School of Liberal Arts
334,Rena,Keasey,rkeasey99@cnet.com,Female,Eclipse,Bridgewater College
335,Reeba,Putland,rputland9a@salon.com,Female,6 Series,Instituto de Enseñanza Superior del Ejército
336,Hermon,Yearn,hyearn9b@netvibes.com,Male,Skylark,Knowledge International University
337,Traci,Lummus,tlummus9c@csmonitor.com,Polygender,Safari,Moi University
338,Krystal,Grinikhin,kgrinikhin9d@nationalgeographic.com,Female,Sephia,York University
339,Helaine,Prisley,hprisley9e@globo.com,Female,600SL,Huaqiao University Quanzhuo
340,Aimee,Largent,alargent9f@hc360.com,Female,Wrangler,Kota Kinabalu Polytechnic
341,Lyell,Loughlan,lloughlan9g@reuters.com,Non-binary,Stratus,University of Delaware
342,Darius,Tabourel,dtabourel9h@mayoclinic.com,Male,Alero,City University
343,Shem,Breton,sbreton9i@facebook.com,Male,I,Universitas Muhammadiyah Magelang
344,Arabelle,Wreiford,awreiford9j@ameblo.jp,Female,SLK55 AMG,Kermanshah University of Technology
345,Oralia,Hollier,ohollier9k@xrea.com,Female,Mariner,Indiana University (System)
346,Trever,Degoe,tdegoe9l@bizjournals.com,Male,Grand Marquis,Open University of Sudan (OUS)
347,Charlena,Coppo,ccoppo9m@unc.edu,Female,Protege,St. Petersburg Institute of Sales Management and Economics
348,Lindsay,Boullen,lboullen9n@msu.edu,Male,Bonneville,Université de Chlef
349,Andreas,Verecker,averecker9o@usatoday.com,Male,Continental Flying Spur,Escuela Politécnica Nacional
350,Sara-ann,Klee,sklee9p@disqus.com,Agender,Phaeton,Universidad de Salamanca
351,Townsend,Towsie,ttowsie9q@cmu.edu,Male,Excursion,University of Mobile
352,Erasmus,Ilchuk,eilchuk9r@yale.edu,Male,Riviera,Heritage College
353,Dulcy,Beig,dbeig9s@gnu.org,Female,Celica,Gdansk Management College
354,Emelina,Mahomet,emahomet9t@yelp.com,Female,Charger,University of Regina
355,Hillery,Cumberlidge,hcumberlidge9u@clickbank.net,Male,Matrix,Sacred Heart University
356,Clevie,Giannazzo,cgiannazzo9v@cdc.gov,Male,X3,Universidad Nacional de Guinea Ecuatorial
357,Garik,Rapper,grapper9w@guardian.co.uk,Male,62,Universitas Haluoleo
358,Sabina,Coates,scoates9x@godaddy.com,Female,Evora,Universidad Autonoma de Chiriqui
359,Frederich,Indruch,findruch9y@multiply.com,Male,Odyssey,Universidad Técnica de Ambato
360,Udell,Danford,udanford9z@technorati.com,Male,Montero,Ohio State University
361,Conn,Pariss,cparissa0@mozilla.com,Male,S4,Universidad de Concepción del Uruguay
362,Web,Prophet,wpropheta1@e-recht24.de,Male,IS F,Columbia College of Missouri
363,Winnifred,O'Lehane,wolehanea2@w3.org,Female,Galant,University of Applied Sciences Solothurn Northwestern Switzerland
364,Arin,Roscam,aroscama3@addtoany.com,Male,F350,University of Missouri - Kansas City
365,Bren,Gateshill,bgateshilla4@xrea.com,Female,G,Wheaton College Massachusetts
366,Prentiss,Clayworth,pclaywortha5@acquirethisname.com,Male,Suburban 1500,Kyoto Gakuen University
367,Catlee,Hutcheon,chutcheona6@msn.com,Female,1500,"Shoumen University ""Konstantin Preslavski"""
368,Meredith,Crates,mcratesa7@pbs.org,Female,SC,Russian Academy of Theatre Arts
369,Joletta,Sterling,jsterlinga8@fotki.com,Female,1500,Universidad Politecnica de Puerto Rico
370,Tildie,Camier,tcamiera9@sciencedaily.com,Female,500SEL,Ecole Supérieure Internationale d'Administration des Entreprises
371,Rickey,Domingues,rdominguesaa@360.cn,Male,750,Police Academy in Bratislava
372,Joey,Wilsone,jwilsoneab@thetimes.co.uk,Male,Murano,Escuela Colombiana de Carreras Industriales
373,Ronny,Kardos-Stowe,rkardosstoweac@sina.com.cn,Female,GX,Universidad Autónoma de Entre Ríos
374,Moe,Putley,mputleyad@ucsd.edu,Male,Firefly,Rusangu University
375,Trevor,Welbeck,twelbeckae@163.com,Male,Sentra,University of Exeter
376,Orrin,Kingswood,okingswoodaf@blogger.com,Male,Sorento,"Universidad Laica ""Eloy Alfaro"" de Manabi"
377,Otho,Georgeot,ogeorgeotag@theglobeandmail.com,Male,626,Global Business School Barcelona
378,Thaddus,Yon,tyonah@mozilla.org,Male,Murciélago,Franklin and Marshall College
379,Enrico,Frandsen,efrandsenai@deviantart.com,Male,Escalade EXT,Universitat Rovira I Virgili Tarragona
380,Rene,Baugh,rbaughaj@twitpic.com,Female,CX,Astrahan State Technical University
381,Dukie,Ferschke,dferschkeak@amazonaws.com,Male,Camry,University of Sannio
382,Wade,Espadater,wespadateral@ovh.net,Male,Capri,Northwestern College Iowa
383,Alanah,Rays,araysam@furl.net,Female,LX,Universidad Nueva Esparta
384,Cindelyn,Rubinchik,crubinchikan@bizjournals.com,Female,900,"Warburg Institute, University of London"
385,Sybille,Dunnico,sdunnicoao@t.co,Female,GTO,O'More College of Design
386,Adi,Bass,abassap@cbslocal.com,Female,Touareg,Peace College
387,Hunfredo,Daintrey,hdaintreyaq@engadget.com,Male,Brooklands,Assumption University
388,Eustacia,Manville,emanvillear@wikipedia.org,Female,CLK-Class,Ecole Nationale Supérieure des Mines de Paris
389,Morris,Arnao,marnaoas@nsw.gov.au,Male,928,Carlow College
390,Lefty,Shorbrook,lshorbrookat@phpbb.com,Male,C-Class,Thomas More College of Liberal Arts
391,Eberto,Probbings,eprobbingsau@businesswire.com,Genderfluid,Explorer,Hazara University
392,Terrel,Grichukhin,tgrichukhinav@archive.org,Male,Santa Fe,Université François Rabelais de Tours
393,Paulina,Rosling,proslingaw@nasa.gov,Genderqueer,7 Series,Universidad Católica de La Plata
394,Tandi,Plinck,tplinckax@cbc.ca,Female,M,Bowling Green State University
395,Ally,Pinnijar,apinnijaray@smugmug.com,Genderqueer,Camaro,Miyazaki Prefectural Nursing University
396,Oralla,Papez,opapezaz@gmpg.org,Female,Daewoo Kalos,University of Wisconsin - Stout
397,Devin,Broun,dbrounb0@accuweather.com,Female,Ranger,Ama International University
398,Philippa,Paradise,pparadiseb1@rambler.ru,Female,Rio,Moscow External University of the Humanities
399,Cherilyn,Dommerque,cdommerqueb2@t-online.de,Female,Prizm,All Nations University College
400,Laverne,Snarr,lsnarrb3@alexa.com,Genderfluid,Express,California Institute of Technology
401,Mollie,Fookes,mfookesb4@ow.ly,Female,XL-7,Ganja State University 
402,Alberta,Sinderland,asinderlandb5@google.co.uk,Female,Boxster,Bowie State University
403,Garvy,Pesterfield,gpesterfieldb6@discovery.com,Male,Ram,Ahfad University for Women
404,Brig,Dufer,bduferb7@hexun.com,Male,Sierra 2500,Hogeschool voor de Kunsten Utrecht (HKU)
405,Payton,Rolance,prolanceb8@usa.gov,Male,Tahoe,Ecole Nationale Supérieure d'Electronique et de Radioelectricite de Grenoble
406,Ladonna,Camplejohn,lcamplejohnb9@wsj.com,Female,Mirage,Aichi Gakuin University
407,Flynn,Witcher,fwitcherba@webs.com,Male,FJ Cruiser,El Colegio de México
408,Hermia,Cushe,hcushebb@newsvine.com,Female,DTS,Universidad de Ciencias y Humanidades
409,Zoe,Jambrozek,zjambrozekbc@jugem.jp,Female,Ram 2500,Seinan Gakuin University
410,Max,Teanby,mteanbybd@guardian.co.uk,Female,Gallardo,Amirkabir College of Managmant & Technology
411,Trueman,Drinkale,tdrinkalebe@friendfeed.com,Male,Escape,"Institute of Germanic Studies, University of London"
412,Sibylle,Bennet,sbennetbf@dedecms.com,Female,S10 Blazer,Southwest Missouri State University - West Plains
413,Had,Van Der Weedenburg,hvanderweedenburgbg@google.it,Male,Cruze,Yeditepe University
414,Consuela,Fourman,cfourmanbh@craigslist.org,Agender,Riviera,Texas College
415,Bartlett,Reneke,brenekebi@dedecms.com,Genderfluid,Savana Cargo Van,John Paul the Great Catholic University
416,Deane,Guillain,dguillainbj@issuu.com,Female,Tracker,Rochester College
417,Julianne,Dougan,jdouganbk@narod.ru,Female,Discovery Series II,Illinois Valley Community College
418,Kessia,Gilhouley,kgilhouleybl@163.com,Agender,Lancer,University of Warwick
419,Cam,Baitson,cbaitsonbm@marketwatch.com,Male,Boxster,"Royal Free Hospital School of Medicine, University of London"
420,Jule,Carpmile,jcarpmilebn@issuu.com,Male,Expedition,Ghana Institute of Management and Public Administration (GIMPA)
421,Alis,Dawidowicz,adawidowiczbo@whitehouse.gov,Female,Touareg,Fuzhou University
422,Judie,Blundel,jblundelbp@woothemes.com,Female,Avalanche,Gdynia Maritime Academy
423,Jakob,Templar,jtemplarbq@g.co,Male,Esteem,Hormozgan University of Medical Sciences
424,Tait,Bowskill,tbowskillbr@who.int,Male,Envoy XL,Kansai University of International Studies
425,Marla,Nesbit,mnesbitbs@blinklist.com,Female,Land Cruiser,Universidad Privada de Tacna
426,Christoper,Dews,cdewsbt@woothemes.com,Male,S5,International University of Africa (IUA)
427,Waylan,Sullly,wsulllybu@uiuc.edu,Male,MX-5,Université Protestante au Congo
428,Rosemary,Anglim,ranglimbv@businessinsider.com,Female,Ram 1500,Pedagogical University of Bydgoszcz
429,Shari,Landis,slandisbw@infoseek.co.jp,Female,90,Tunku Abdul Rahman University (Chinese University)
430,Kareem,Shovell,kshovellbx@163.com,Male,Yukon,"University of Nottingham, Malaysia Campus"
431,Inigo,Chapelhow,ichapelhowby@sbwire.com,Male,Sonoma,Our Lady of the Lake University
432,Kameko,Hartil,khartilbz@salon.com,Female,Explorer,Universidad de Aconcagua
433,Evanne,Armell,earmellc0@opera.com,Polygender,S4,Trinity Theological Seminary
434,Alessandra,Leitch,aleitchc1@meetup.com,Female,M3,International University in Geneva
435,Yves,Hawkswood,yhawkswoodc2@wikipedia.org,Male,911,Lampang Vocational College   
436,Amargo,Bosche,aboschec3@dedecms.com,Genderfluid,Contour,The CTL Eurocollege
437,Hewe,O'Regan,horeganc4@elpais.com,Male,Silverado 3500,Kobe Design University
438,Dolph,Leadbeater,dleadbeaterc5@hexun.com,Bigender,2500 Club Coupe,University of Waikato
439,Berry,Mc Carroll,bmccarrollc6@pcworld.com,Genderfluid,LS,University of Veterinary and Pharmaceutical Science
440,Claudio,Daughtrey,cdaughtreyc7@booking.com,Male,Touareg 2,Moscow International Higher Business School (MIRBIS)
441,Arlette,Goldberg,agoldbergc8@domainmarket.com,Female,Regal,University of Arkansas at Monticello
442,Cristie,Tender,ctenderc9@springer.com,Genderqueer,W126,Universität für künstlerische und industrielle Gestaltung Linz
443,Selena,Bertelsen,sbertelsenca@clickbank.net,Female,Bonneville,Conservatoire National des Arts et Métiers
444,Joletta,McCallion,jmccallioncb@forbes.com,Female,Aero 8,Institut Commercial de Nancy
445,Ulrich,Clery,uclerycc@wiley.com,Male,Mark LT,Universidade de Alfenas
446,Amy,Le Bosse,alebossecd@goo.ne.jp,Female,Golf,International Sakharov Environmental University
447,Giustina,Meeland,gmeelandce@51.la,Female,i-Series,University College of Nabi Akram
448,Nye,Etheredge,netheredgecf@cnet.com,Male,Thunderbird,Gauhati University
449,Garvin,Le Fleming,gleflemingcg@cmu.edu,Male,XJ,Suwon University
450,Brewer,Smorthit,bsmorthitch@dyndns.org,Male,Sephia,Hochschule für Philosophie München
451,Lesley,Grasner,lgrasnerci@51.la,Polygender,F250,University of the Cordilleras
452,Katerine,Ashlee,kashleecj@prweb.com,Female,3500 Club Coupe,Segi University College
453,Oswald,Blakemore,oblakemoreck@blinklist.com,Male,Montero,Kenyatta University
454,Rusty,Jonah,rjonahcl@sogou.com,Male,Daewoo Lacetti,Oita University
455,Bayard,Delagnes,bdelagnescm@jalbum.net,Male,B2000,Duquesne University
456,Franny,Dunsmore,fdunsmorecn@mail.ru,Male,Sebring,"University ""Petre Andrei"" Iasi"
457,Cyrus,Corbyn,ccorbynco@cafepress.com,Male,Cutlass Supreme,Jumeira University
458,Thain,Assard,tassardcp@psu.edu,Male,xB,Latvian Academy of Music
459,Wernher,Morgue,wmorguecq@google.com.br,Male,Sonoma,Ajayi Crowther University
460,Aurelia,Brislan,abrislancr@dmoz.org,Female,Ram 2500,University of Northern Bahr El-Ghazal
461,Kiri,Casale,kcasalecs@theatlantic.com,Female,Suburban 2500,Aichi Gakusen University
462,Colver,Trattles,ctrattlesct@netscape.com,Male,Rodeo,Instituto Politécnico de Leiria
463,Emili,Caistor,ecaistorcu@gravatar.com,Female,H1,Technische Universität Berlin
464,Kellsie,Cummine,kcumminecv@merriam-webster.com,Female,FX,"Troy University, Dothan"
465,Paulette,Pavlenkov,ppavlenkovcw@mac.com,Female,500SL,Schiller International University
466,Shandie,Durkin,sdurkincx@army.mil,Female,LR3,Immanuel Kant State University of Russia
467,Karylin,Phidgin,kphidgincy@tinypic.com,Female,M6,Technological Education Institute of Kozani
468,Dorelia,Livens,dlivenscz@edublogs.org,Female,Fusion,Moscow State University of Environmental Engineering
469,Beryle,Bark,bbarkd0@nyu.edu,Female,Legacy,St. Ambrose University
470,Rosene,Breffitt,rbreffittd1@opensource.org,Female,Suburban 1500,Nakhchivan State University
471,Aimil,Thacke,athacked2@imdb.com,Female,Corvette,Universidad Yacambu
472,Araldo,Gravenell,agravenelld3@kickstarter.com,Male,SRX,Lagrange College
473,Davy,O'Concannon,doconcannond4@cam.ac.uk,Agender,Town & Country,Kazan State Finance and Economics Institute 
474,Marika,Messent,mmessentd5@so-net.ne.jp,Genderqueer,Z4,"Heythrop College, University of London"
475,Berky,Dillestone,bdillestoned6@google.ca,Male,LeMans,Ecole Européen des Affaires
476,Elwin,Keave,ekeaved7@jugem.jp,Male,Legacy,Bournemouth University
477,Gabie,Peto,gpetod8@businesswire.com,Male,xA,Hartford College for Women
478,Tamqrah,MacShane,tmacshaned9@networksolutions.com,Female,Lucerne,Ulyanovsk State University
479,Sharla,Bocking,sbockingda@vinaora.com,Female,Fusion,"Universidad Internacional de Andalucía, Sede Antonio Machado de Baeza"
480,Haven,Leney,hleneydb@ted.com,Male,Camry Hybrid,Tottori University of Environmental Studies
481,Edgardo,Taylo,etaylodc@europa.eu,Male,Grand Prix,Al Imam Al-Ouzai University
482,Natalee,Feary,nfearydd@omniture.com,Female,Quest,Japan Advanced Institute of Science and Technology
483,Issie,Sandwich,isandwichde@blog.com,Female,V50,Maine College of Art
484,Mario,Oggers,moggersdf@aboutads.info,Male,Grand Caravan,"University of California, Los Angeles"
485,Edsel,Coit,ecoitdg@jalbum.net,Male,XL-7,Beni Suef University
486,Wilden,Bomb,wbombdh@yahoo.com,Male,Land Cruiser,Sana'a University
487,Perla,Major,pmajordi@so-net.ne.jp,Bigender,Corvette,Misamis University
488,Lek,Thews,lthewsdj@columbia.edu,Bigender,Montero Sport,Bellevue University
489,Letitia,Scough,lscoughdk@webs.com,Female,Spirit,Institut des Sciences de la Matière et du Rayonnement
490,Poppy,Eady,peadydl@behance.net,Female,MX-5,Université Jean Monnet
491,Allianora,People,apeopledm@biblegateway.com,Female,B-Series Plus,Cardiff University
492,Brigitte,Westhead,bwestheaddn@time.com,Agender,Optima,Wuyi University
493,Allison,Ginnaly,aginnalydo@live.com,Female,Chariot,Taj International College
494,Erma,Heckney,eheckneydp@youku.com,Female,Insight,Yasuda Women's University
495,Ned,de Grey,ndegreydq@chronoengine.com,Male,Mustang,University of Stavanger
496,Lyndel,Ambrus,lambrusdr@cbc.ca,Female,Express 1500,Universidade do Vale do Itajaí
497,Guglielma,Eydel,geydelds@alexa.com,Female,GX,Universitas Negeri Manado
498,Thatcher,Germon,tgermondt@artisteer.com,Genderqueer,B-Series,Fachhochschule Ingolstadt
499,Cordula,Foston,cfostondu@cyberchimps.com,Genderqueer,Avenger,Technological University (Loikaw)
500,Thomas,Brosi,tbrosidv@g.co,Male,RX,Universidade de Coimbra
501,Blakeley,Tedorenko,btedorenkodw@edublogs.org,Female,Caravan,University of Montana
502,Rodrigo,Frisch,rfrischdx@edublogs.org,Male,E150,Universitas Mahendradatta
503,Shelby,Lardeux,slardeuxdy@upenn.edu,Female,4Runner,Kigali Institute of Education
504,Jillian,Haggish,jhaggishdz@addthis.com,Female,F-Series,Tri-College University
505,Kathlin,Rebeiro,krebeiroe0@multiply.com,Female,F250,"Schiller International University, Madrid"
506,Natka,Crockett,ncrockette1@pcworld.com,Female,Golf,Ferris State University
507,Angus,Tasseler,atasselere2@4shared.com,Male,600,Toho Gakuen School of Music
508,Kahlil,Canepe,kcanepee3@va.gov,Male,RX-7,Universidad Autónoma del Carmen
509,Willdon,Stoyles,wstoylese4@biblegateway.com,Male,Legacy,La Trobe University
510,Davida,Janas,djanase5@livejournal.com,Female,XC70,Mount Holyoke College
511,Yolane,Chritchlow,ychritchlowe6@icio.us,Female,Sonata,"Indian Institute of Technology, Kanpur"
512,Dreddy,Beagley,dbeagleye7@parallels.com,Female,Trans Sport,Universidad de Mendoza
513,Maddy,Pressey,mpresseye8@bbb.org,Female,Swift,Southern Utah University
514,Mariette,Sargeaunt,msargeaunte9@studiopress.com,Female,3500,Fayetteville State University
515,Roselia,Joiner,rjoinerea@dropbox.com,Female,E350,National Aerospace University Kharkov Aviation Institute
516,Peyton,Tansill,ptansilleb@macromedia.com,Male,Classic,St. Joseph University Beirut
517,Robin,Kimpton,rkimptonec@microsoft.com,Bigender,Sunfire,Huanghe Science & Technology University
518,Gabe,Bigmore,gbigmoreed@mediafire.com,Male,7 Series,Baltic State Technical University
519,Katya,Jenkison,kjenkisonee@behance.net,Female,9000,Stavropol State Technical University
520,Angie,Knipe,aknipeef@cbslocal.com,Male,80,Ilam University
521,Steward,Grimestone,sgrimestoneeg@instagram.com,Male,MX-5,Chiba University of Commerce
522,Auguste,Fillingham,afillinghameh@google.it,Female,MX-3,John Paul the Great Catholic University
523,Philomena,Mudie,pmudieei@harvard.edu,Female,944,University of Priština
524,Joline,Bride,jbrideej@1und1.de,Female,Accord,State University of New York Empire State College
525,Camile,Sibery,csiberyek@nyu.edu,Female,Fiesta,Faisalabad Institute of Textile and Fashion Design
526,Noach,Kollasch,nkollaschel@geocities.jp,Male,Cayman,Yunnan University
527,Ada,Illing,aillingem@shutterfly.com,Genderqueer,Cobalt,"Nordakademie, Staatlich anerkannte private Fachhochschule mit dualen Studiengängen"
528,Donelle,Gabbott,dgabbotten@eventbrite.com,Female,E-Class,Colby College
529,Chase,Gruczka,cgruczkaeo@so-net.ne.jp,Male,Land Cruiser,COSMIQ Institute of Technology
530,Rudyard,Dicken,rdickenep@multiply.com,Male,Swift,Luther College
531,Clemence,Siehard,csiehardeq@kickstarter.com,Female,Grand Caravan,Technical University of Lublin
532,Thurston,Bente,tbenteer@topsy.com,Male,Sentra,Hokuriku University
533,Cecile,Bouchard,cbouchardes@dailymail.co.uk,Female,Spectra,Weizmann Institute of Science
534,Natalina,Greetham,ngreethamet@wsj.com,Female,911,Toyama Medical and Pharmaceutical University
535,Ally,Rowcastle,arowcastleeu@shop-pro.jp,Female,Ram 3500,Idaho State University
536,Wrennie,Chitter,wchitterev@yelp.com,Female,Camaro,HWP - Hamburger Universität für Wirtschaft und Politik
537,Mill,Lambirth,mlambirthew@macromedia.com,Male,CTS,Sookmyung Women's University
538,Gunilla,McMyler,gmcmylerex@ebay.com,Non-binary,Quattroporte,Heriot-Watt University
539,Zebedee,Stone Fewings,zstonefewingsey@cnet.com,Male,Probe,Monterey Institute of International Studies
540,Bartlett,Dinsell,bdinsellez@wikipedia.org,Male,Chariot,Fachhochschule Kufstein (Tirol)
541,Ezra,Bangle,ebanglef0@blinklist.com,Male,900,The College of St. Scholastica
542,Carolus,Cawthery,ccawtheryf1@ow.ly,Male,Sentra,Kuwait Maastricht Business School
543,Johnette,Brayn,jbraynf2@hatena.ne.jp,Female,Sienna,"Institute of Teachers Education, Keningau"
544,Klement,Medlin,kmedlinf3@vk.com,Male,Discovery,Instituto Tecnológico de León
545,Eliot,Seligson,eseligsonf4@foxnews.com,Male,Villager,Lamar University
546,Kalvin,Aberdalgy,kaberdalgyf5@tmall.com,Male,Forester,Moscow State University of Technology (Stankin)
547,Sula,Sunderland,ssunderlandf6@photobucket.com,Female,Tahoe,Universidad de La Salle
548,Pascale,Dufoure,pdufouref7@google.ru,Male,Town & Country,Caribbean University
549,Erie,Goodger,egoodgerf8@baidu.com,Male,Protege,Universidad de Navarra
550,Burty,Sebring,bsebringf9@opensource.org,Male,S60,University of South Carolina - Sumter
551,Davin,Plott,dplottfa@pbs.org,Non-binary,Silverado 2500,Postgraduate Institute of Pali & Buddhist Studies (University of Kelaniya)
552,Isadore,Parks,iparksfb@sciencedirect.com,Male,9-5,"University of the Netherlands Antilles, Curacao"
553,Lissy,Pridie,lpridiefc@sohu.com,Non-binary,911,Hanazono University
554,Aloisia,Leeb,aleebfd@eepurl.com,Female,Grand Prix,Tata Institute of Social Sciences
555,Ezmeralda,Walsh,ewalshfe@house.gov,Agender,Protege,University of Sydney
556,Domenico,Penfold,dpenfoldff@wufoo.com,Male,Titan,Shanxi Agricultural University
557,Sutton,Drane,sdranefg@wikipedia.org,Male,Ram Wagon B350,Ecole Nationale du Génie de l'Eau et de l'Environnement de Strasbourg
558,Shaylyn,Edser,sedserfh@apache.org,Female,E-Series,University College of Applied Sciences
559,Robbie,Dawidowitsch,rdawidowitschfi@angelfire.com,Female,Suburban 2500,University of Canterbury
560,Ron,Duffan,rduffanfj@nasa.gov,Male,Escalade,Universidad Iberoamericana
561,Burnard,Defond,bdefondfk@cyberchimps.com,Male,Oasis,Hillsdale College
562,Crawford,Phipps,cphippsfl@mail.ru,Male,Suburban 2500,University of Transport and Communications
563,Leonidas,Allchin,lallchinfm@hubpages.com,Male,Continental,TaiChung Healthcare and Management University
564,Randee,Clarkson,rclarksonfn@nba.com,Female,Corvette,Universitas Islam Indonesia
565,Rosie,Gunthorpe,rgunthorpefo@youtube.com,Female,MKZ,Ecole Nationale Supérieure de Chimie de Paris
566,Lowe,Allum,lallumfp@dedecms.com,Male,Carrera GT,Australian Catholic University
567,Katinka,Kornes,kkornesfq@squarespace.com,Female,Continental,Berne University
568,Dianemarie,Gentner,dgentnerfr@studiopress.com,Female,R-Class,Alvernia College
569,Kelwin,Leatt,kleattfs@reference.com,Male,Ram Van 2500,Universidad de Los Llanos
570,Roxie,Twine,rtwineft@google.ca,Female,Cougar,The College of Westchester
571,Odey,Soots,osootsfu@sphinn.com,Agender,Continental,Beykent University
572,Raffaello,Grisdale,rgrisdalefv@webnode.com,Male,Discovery,Isik University
573,Jereme,Clother,jclotherfw@europa.eu,Male,SL-Class,Universidad Nacional de Jujuy
574,Thaine,Cready,tcreadyfx@cyberchimps.com,Male,XG300,Fachhochschule Lippe
575,Annice,Fearnside,afearnsidefy@forbes.com,Female,Tempest,Ross University Caribbean School of Veterinary Medicine
576,Elene,Coneley,econeleyfz@dmoz.org,Female,XK,Khulna University of Engineering And Technology
577,Christie,Greetland,cgreetlandg0@163.com,Female,G,Charles R. Drew University of Medicine and Science
578,Tressa,Pellant,tpellantg1@plala.or.jp,Female,Fiesta,Atyrau State University
579,Brit,Gosalvez,bgosalvezg2@booking.com,Male,RX Hybrid,Konkuk University
580,Florencia,Beals,fbealsg3@parallels.com,Female,Ram 2500,Universidad Abierta Interamericana
581,Blithe,Lalevee,blaleveeg4@state.gov,Female,928,Berne University
582,Marilee,Madden,mmaddeng5@yahoo.com,Female,Cabriolet,Methodist College
583,Cly,Cheke,cchekeg6@nifty.com,Male,Venture,Hafencity Universität Hamburg
584,Richardo,Schlagtmans,rschlagtmansg7@hao123.com,Polygender,Cube,Beppu University
585,Sal,Pawlata,spawlatag8@1und1.de,Female,Yaris,Bila Cerkva State Agrarian University
586,Orland,Marion,omariong9@nhs.uk,Male,Intrepid,British Columbia Open University
587,Biron,Parcell,bparcellga@ezinearticles.com,Male,CC,European University Portugal
588,Gannon,Marwood,gmarwoodgb@t.co,Male,Diamante,Tongmyung University of Information Technology
589,Shellysheldon,Bresson,sbressongc@yahoo.co.jp,Male,LS Hybrid,University of Northern Washington
590,Meredith,Tatersale,mtatersalegd@yahoo.com,Male,S-Type,Southern Arkansas University
591,Darbie,Dredge,ddredgege@microsoft.com,Genderqueer,Ram Van 3500,Moscow State Textile University A.N. Kosygin
592,Marchelle,Simonitto,msimonittogf@cpanel.net,Female,1500,Southern New Hampshire University
593,Janet,Vause,jvausegg@europa.eu,Agender,Corvette,Miyagi University
594,Jolene,Trowl,jtrowlgh@pen.io,Female,Envoy,Universidad Católica del Norte
595,Allyson,Worley,aworleygi@mapquest.com,Female,IS,Osaka Sangyo University
596,Sorcha,Trivett,strivettgj@jalbum.net,Female,Express 2500,Burapha University
597,Carlye,Greatrex,cgreatrexgk@sitemeter.com,Female,Continental Flying Spur,Baghdad College of Pharmacy
598,Garrett,Prin,gpringl@businessweek.com,Male,MDX,St. Pauls University
599,Yehudi,Wooderson,ywoodersongm@mapy.cz,Male,S40,Fachhochschule Wiesbaden
600,Charlotta,Syred,csyredgn@altervista.org,Female,Leganza,"Fairleigh Dickinson University, Teaneck-Hackensack Campus"
601,Phylis,Inglish,pinglishgo@cpanel.net,Female,Phantom,University of Southern Philippines Foundation
602,Steffi,Broker,sbrokergp@a8.net,Female,Soul,Université Libre de Tunis
603,Zackariah,Bainbridge,zbainbridgegq@intel.com,Bigender,Interceptor,Conestoga College
604,Anthiathia,Curtin,acurtingr@live.com,Female,GX,Voorhees College
605,Wendell,Denial,wdenialgs@theatlantic.com,Male,Miata MX-5,Beijing Union University
606,Dyan,Rosini,drosinigt@nih.gov,Female,9-5,Universidad de las Regiones Autónomas de la Costa Caribe Nicaragüense
607,Osbourn,Tregiddo,otregiddogu@smugmug.com,Male,Voyager,Kanagawa Dental College
608,Lowe,Myring,lmyringgv@businessweek.com,Male,Civic,Universidad de Guanajuato
609,Justus,Gooderson,jgoodersongw@mit.edu,Male,S40,Advance Tertiary College
610,Harriott,Lomaz,hlomazgx@netlog.com,Female,Sierra 3500,Otemae University
611,Claus,Brumbie,cbrumbiegy@craigslist.org,Male,F-Series,Seisen University
612,Jojo,Clappson,jclappsongz@pen.io,Female,Sonata,"School of Slavonic and East European Studies, University of London"
613,Yves,Brawn,ybrawnh0@weibo.com,Male,Tacoma Xtra,"University of Elbasan ""Aleksander Xhuvani"""
614,Mildrid,Bradshaw,mbradshawh1@wix.com,Female,Silverado 3500,Institute of Management and Economy
615,Web,Giraudel,wgiraudelh2@blogger.com,Male,Pajero,Emeishan Buddhist College
616,Lance,Bibb,lbibbh3@dailymotion.com,Male,B-Series Plus,Technical University of Opole
617,Adelice,Brunsdon,abrunsdonh4@toplist.cz,Female,CR-V,Anhui Normal University
618,Emmey,Hellis,ehellish5@360.cn,Female,A6,Gazi University Ankara
619,Dyan,Heintsch,dheintschh6@lycos.com,Female,RX Hybrid,Universidad Central del Valle del Cauca
620,Rurik,Cheetham,rcheethamh7@mayoclinic.com,Male,Silverado,Oklahoma Baptist University
621,Chrystel,Plenty,cplentyh8@facebook.com,Female,Blackwood,Universitat de les Illes Balears
622,Riley,Jennemann,rjennemannh9@live.com,Male,TSX,Fachhochschule Weihenstephan
623,Maribel,Maven,mmavenha@ihg.com,Female,Grand Prix,Indian Institute of Information Technology and Management - Kerala
624,Auguste,Quenby,aquenbyhb@vimeo.com,Female,3 Series,Plymouth State College
625,Joelly,Millington,jmillingtonhc@technorati.com,Female,Trooper,University of Seychelles - American Institute of Medicine
626,Michaela,McFarlan,mmcfarlanhd@umich.edu,Female,Supra,Ecole Supérieure des Sciences Economiques et Commerciales
627,Jodie,Curragh,jcurraghhe@free.fr,Male,Continental,Manhattanville College
628,Jammie,Coils,jcoilshf@g.co,Female,Suburban 1500,Babol Noshirvani University of Technology
629,Clemmie,Girardin,cgirardinhg@who.int,Male,Suburban 1500,North Dakota State University
630,Maddy,Robel,mrobelhh@psu.edu,Male,Town Car,Kiev National University of Construction and Architecture
631,Rafe,Le Fevre,rlefevrehi@qq.com,Male,Tribeca,Pangasinan State University
632,Savina,Kinge,skingehj@earthlink.net,Female,Tiguan,Mesa State College
633,Cale,Jimes,cjimeshk@de.vu,Male,300M,Dayalbagh Educational Institute
634,Juliette,Cashell,jcashellhl@adobe.com,Agender,NV2500,Yanbian University
635,Ulrikaumeko,McCourtie,umccourtiehm@bbc.co.uk,Female,Silverado 1500,Universidad de Viña del Mar
636,Tripp,Roseborough,troseboroughhn@guardian.co.uk,Male,ES,University of Wisconsin - Green Bay
637,Matty,Deboo,mdebooho@boston.com,Genderqueer,Montero Sport,University of Bedfordshire
638,Karissa,Claus,kclaushp@imdb.com,Female,Supra,Fachhochschule Heidelberg
639,Carlin,Selvester,cselvesterhq@imageshack.us,Male,Tacoma Xtra,Queens College
640,Ilyse,Prater,ipraterhr@archive.org,Female,Riviera,University of Minnesota - Crookston
641,Theodor,Raiker,traikerhs@angelfire.com,Male,960,Dr. Bhim Rao Abdekar University
642,Philip,Stannion,pstannionht@vkontakte.ru,Male,Regal,International Academy of  Merchandising and Design Chicago
643,Guenna,Kingsnorth,gkingsnorthhu@domainmarket.com,Female,Bonneville,University of Teramo
644,Emmy,Abreheart,eabrehearthv@gravatar.com,Female,Sidekick,Ternopil State Ivan Pul'uj Technical University
645,Cristionna,Addy,caddyhw@blogger.com,Female,Nubira,Universidad Modular Abierta
646,Zebulon,Sanford,zsanfordhx@ucla.edu,Male,Ram Van 1500,University of Trieste
647,Wendall,Stutter,wstutterhy@dropbox.com,Male,Bonneville,Cornell University
648,Weidar,Blyth,wblythhz@usa.gov,Male,Reno,Coppin State College
649,Amara,Forrington,aforringtoni0@webmd.com,Female,Range Rover Sport,Beijing University of Posts and Telecommunications
650,Armstrong,Parysiak,aparysiaki1@about.me,Male,Express 3500,Technological University (Mandalay)
651,Merell,Rapps,mrappsi2@go.com,Male,Dakota,Agricultural University of Tirane
652,Jeni,Tapton,jtaptoni3@posterous.com,Female,MKS,Morehead State University
653,Ebeneser,Klemencic,eklemencici4@newsvine.com,Male,Clubman,"Institute of Teachers Education, Batu Lintang"
654,Guthrie,Grinston,ggrinstoni5@ed.gov,Male,Countryman,Virginia Wesleyan College
655,Anatole,Enrich,aenrichi6@yellowbook.com,Male,B-Series,Belarussian State Economic University
656,Sayers,Fullerlove,sfullerlovei7@clickbank.net,Male,1500 Club Coupe,Lithunian Institute of Physical Education
657,Olag,Nieass,onieassi8@boston.com,Male,Yukon,Université Mentouri Constantine
658,Mara,Warlawe,mwarlawei9@theatlantic.com,Genderqueer,S-Type,Alice-Salomon-Fachhochschule für Sozialarbeit und Sozialpädagogik Berlin
659,Zorine,Arlow,zarlowia@answers.com,Female,MR2,Technological University (Mawlamyaing)
660,Misha,Rolf,mrolfib@craigslist.org,Female,Veracruz,Galatasaray University
661,Twila,Shute,tshuteic@cyberchimps.com,Female,Marauder,Western Connecticut State University
662,Stafford,Mularkey,smularkeyid@usa.gov,Male,Range Rover,University of Rio Grande
663,Natalee,Chark,ncharkie@cyberchimps.com,Female,Firebird,Rajitlal Institute of Technology & Health Sciences (RITHS)
664,Teddy,Dufaire,tdufaireif@prweb.com,Male,Accent,Central Queensland University
665,Christean,Fehely,cfehelyig@buzzfeed.com,Female,Impreza,Ajman University of Science & Technology
666,Ly,Walsham,lwalshamih@noaa.gov,Male,Metro,Université Jean Monnet
667,Solomon,Hiscoe,shiscoeii@fastcompany.com,Male,E-Class,Universidad de la Marina Mercante
668,Debee,Ninnoli,dninnoliij@exblog.jp,Female,Countach,National Tsinghua University
669,Fredek,Creenan,fcreenanik@moonfruit.com,Male,Regal,Charter Oak State College
670,Bernard,Fylan,bfylanil@google.com.hk,Male,Explorer,Hanoi University of Mining and Geology
671,Reilly,Martynov,rmartynovim@qq.com,Non-binary,Aero 8,Universidad Autonoma de Chiriqui
672,Carmita,Stranks,cstranksin@cocolog-nifty.com,Genderqueer,Corvette,Al Muthanna University
673,Jacquelin,Jonin,jjoninio@comsenz.com,Female,Coupe GT,Fukuyama University
674,Corny,Scading,cscadingip@instagram.com,Female,Impreza,University of Kurdistan
675,Otes,Mehmet,omehmetiq@skyrock.com,Male,Rio,Agricultural-Technical Academy in Olsztyn
676,Talya,Kowalik,tkowalikir@jalbum.net,Female,Econoline E350,Fuji Women's College
677,Maisey,Lawlee,mlawleeis@youtube.com,Female,RAV4,Hainan University
678,Ulrica,Gook,ugookit@reverbnation.com,Female,Sierra 2500,Shenyang University
679,Meggi,Biner,mbineriu@deliciousdays.com,Female,RL,Libyan International Medical University (LIMU)
680,Wadsworth,Joss,wjossiv@163.com,Male,Silverado 3500,Immaculata University
681,Ronna,Danielli,rdanielliiw@macromedia.com,Genderfluid,Avalanche 1500,Mohan Lal Sukhadia University
682,Tressa,Monnoyer,tmonnoyerix@nationalgeographic.com,Female,Chariot,Wheaton College Massachusetts
683,Bernete,Profit,bprofitiy@economist.com,Female,Arnage,RCSI-Medical University of Bahrain
684,Duffy,Nears,dnearsiz@geocities.com,Male,929,Mahidol University International College
685,Rosalie,Amies,ramiesj0@earthlink.net,Female,G-Series G10,Norwegian Teacher Academy for Studies in Religion and Education
686,Aeriela,Fleeman,afleemanj1@themeforest.net,Female,Avalanche,Dr. Ram Manohar Lohia Avadh University
687,Kennan,Pitkins,kpitkinsj2@theguardian.com,Male,Maxima,University of Trento
688,Athene,Lanfranchi,alanfranchij3@cornell.edu,Female,H1,University of Nevada - Las Vegas
689,Bing,Dorning,bdorningj4@godaddy.com,Male,Eldorado,Universidade Federal de Alagoas
690,Albina,Sweetenham,asweetenhamj5@tinyurl.com,Female,MKZ,Alvernia College
691,Huntlee,Barrick,hbarrickj6@house.gov,Male,SC,Meio University
692,Farley,Szymanowicz,fszymanowiczj7@360.cn,Male,2500,Universidade Federal do Paraná
693,Scotty,Boxhill,sboxhillj8@google.ru,Male,Cavalier,Royal Melbourne Institute of Technology
694,Brady,Greeding,bgreedingj9@hao123.com,Male,Rogue,Bryant and Stratton College
695,Erv,Dugood,edugoodja@elpais.com,Male,760,FON University
696,Tedie,Vass,tvassjb@xrea.com,Male,R8,Medical University of South Carolina
697,Izzy,Battey,ibatteyjc@washington.edu,Male,Viper,Virginia College
698,Dionisio,Hilling,dhillingjd@globo.com,Male,SLS AMG,Qauid-e-Awam University of Engineering Sciences & Technology
699,Dorothee,Hazzard,dhazzardje@plala.or.jp,Female,Savana 3500,Lyon College
700,Augustin,Millar,amillarjf@prlog.org,Male,Seville,London College of Science & Technology
701,Ruby,Merioth,rmeriothjg@nba.com,Female,Festiva,Arak University of Medical Sciences
702,Jorey,Cockell,jcockelljh@nature.com,Female,Corvette,Fachhochschule Braunschweig/Wolfenbüttel
703,Aime,Ayling,aaylingji@prlog.org,Female,Sorento,Fachhochschule Osnabrück
704,Gustavo,O'Reagan,goreaganjj@google.pl,Genderqueer,929,Finnmark University College
705,Jacquelyn,Janse,jjansejk@harvard.edu,Female,E-Class,Grodno State University Yanka Kupaly
706,Aimil,Bisson,abissonjl@skype.com,Female,Odyssey,Bard College
707,Ashlee,Harcus,aharcusjm@weather.com,Female,HHR Panel,University of Sargodha
708,Dillon,Tomczykowski,dtomczykowskijn@deliciousdays.com,Male,Citation,Geneva College
709,Mariam,Sumpner,msumpnerjo@sourceforge.net,Female,A8,Wingate University
710,Rebbecca,Chevins,rchevinsjp@facebook.com,Female,del Sol,Universidad de Concepcion
711,Sigismondo,MacGowing,smacgowingjq@adobe.com,Male,H1,University of the Western Cape
712,Tim,Farrand,tfarrandjr@blogs.com,Male,Element,"Evangelische Fachhochschule Reutlingen-Ludwigsburg, Hochschule für Soziale Arbeit, Religionspädagogik und Diakonie"
713,Benton,Durston,bdurstonjs@amazon.co.jp,Male,R8,Higher Institute of Business Administration
714,Gwenni,Kiera,gkierajt@sohu.com,Female,Scirocco,Ho Chi Minh City University of Architecture
715,Mychal,Canfield,mcanfieldju@irs.gov,Male,Samurai,Hungarian Academy of Craft and Design
716,Brigitte,Holsall,bholsalljv@google.ru,Female,Z3,Kursk State Technical University
717,Bald,Castelin,bcastelinjw@sciencedaily.com,Male,V12 Vantage,Sejong University
718,Xylina,Myrkus,xmyrkusjx@statcounter.com,Female,Bonneville,Suzuka University of Medical Science
719,Sim,Edgson,sedgsonjy@phoca.cz,Male,A4,"Concordia University, River Forest"
720,Gradey,Royl,groyljz@jigsy.com,Male,Taurus,Odessa State Medical University
721,Shawnee,Drewes,sdrewesk0@google.com.br,Bigender,T100,Universidad de Murcia
722,Rem,Mattheissen,rmattheissenk1@telegraph.co.uk,Male,Ram Van 1500,Université du Maine
723,Upton,Greenin,ugreenink2@elpais.com,Male,Celica,Saratov State Medical University
724,Bernhard,Van de Velde,bvandeveldek3@aol.com,Male,80,Baker College of Cadillac
725,Kelwin,Fann,kfannk4@hhs.gov,Male,Prizm,Universidade de Evora
726,Maddi,Bahl,mbahlk5@dell.com,Female,Liberty,"COMSATS Institute of Information Technology, Lahore"
727,Morganica,Klicher,mklicherk6@amazonaws.com,Female,G-Series G20,Touro University
728,Ezri,McSporon,emcsporonk7@craigslist.org,Male,Suburban 2500,Universidad Austral de Chile
729,Desirae,Neiland,dneilandk8@gravatar.com,Female,xB,Nepal Sanskrit University
730,Vonnie,Spinella,vspinellak9@lulu.com,Female,L-Series,Royal University of Fine Arts
731,Karlyn,Zannutti,kzannuttika@behance.net,Female,Quattroporte,Dubai Medical College for Girls
732,Angelico,Naldrett,analdrettkb@domainmarket.com,Male,C70,Pikeville College
733,Thorn,Vuitte,tvuittekc@archive.org,Male,XJ,"Irish University Business School, Cebu"
734,Toby,Whorton,twhortonkd@google.ca,Female,Omni,Universidad de Nariño
735,Erma,Dingley,edingleyke@eepurl.com,Female,M,"Arizona State University, West Campus"
736,Tobey,Wiggall,twiggallkf@fda.gov,Female,929,"Indian Institute of Technology, Hyderabad"
737,Leif,Tebboth,ltebbothkg@purevolume.com,Male,Impreza,Catholic University of Taegu-Hyosung
738,Mikel,Paulat,mpaulatkh@cnn.com,Male,E-Class,Waseda University
739,Reine,Robiou,rrobiouki@nbcnews.com,Female,Navigator,Bangladesh Open University
740,Pip,Beare,pbearekj@msn.com,Male,S80,Singapore Management University
741,Mala,Altimas,maltimaskk@smugmug.com,Female,XJ Series,Hochschule Mittweida (FH)
742,Zebulen,Hawkslee,zhawksleekl@webnode.com,Male,Thunderbird,Precarpathian University
743,Dino,Bullman,dbullmankm@npr.org,Male,5 Series,Universidade do Sagrado Coração
744,Katine,Haxley,khaxleykn@exblog.jp,Female,Lynx,Benemerita Universidad Autónoma de Puebla
745,Abra,Mowat,amowatko@youtu.be,Female,DBS,Al Maarif University College
746,Curtice,Tomovic,ctomovickp@wix.com,Male,Sonata,Tajikistan International University
747,Prentice,Radish,pradishkq@tinyurl.com,Male,PT Cruiser,Nippon Veterinary and Animalscience University
748,Giulio,Rountree,grountreekr@npr.org,Male,Sonoma,University of Findlay
749,Linell,Flintoft,lflintoftks@mayoclinic.com,Female,Colt,Capitol College
750,Kelly,Gingles,kgingleskt@canalblog.com,Genderqueer,9-3,Pennsylvania State University at Erie - Behrend College
751,Heddi,Rockingham,hrockinghamku@nsw.gov.au,Female,GX,College of St. Rose
752,Carmelita,Pee,cpeekv@youtu.be,Female,Cayenne,Universität Hannover
753,Umeko,Struys,ustruyskw@instagram.com,Female,GS,Université de N'Djamena
754,Eduardo,Pammenter,epammenterkx@blog.com,Male,Solara,Fukuoka Prefectural University
755,Bell,Ferenczi,bferencziky@aol.com,Female,Aurora,Xavier University
756,Gregoor,Hing,ghingkz@earthlink.net,Male,Prius,University of Massachusetts Medical Center at Worcester
757,Amandi,Leggon,aleggonl0@booking.com,Genderqueer,Mazda3,Sur University College
758,Amaleta,Kimmins,akimminsl1@squidoo.com,Female,Suburban 2500,Noakhali University of Science and Technology
759,Felice,Da Costa,fdacostal2@goodreads.com,Male,Coupe GT,Acadia University
760,Penelopa,Kerans,pkeransl3@washington.edu,Female,F430,Shih Hsin University
761,Lurline,Conring,lconringl4@privacy.gov.au,Female,A4,State University of New York College at Fredonia
762,Tymon,Cartwight,tcartwightl5@loc.gov,Male,Park Avenue,Khalifa University
763,Ernest,Broadbridge,ebroadbridgel6@opensource.org,Male,Corolla,Miami University of Ohio
764,Mira,Smitheman,msmithemanl7@sciencedirect.com,Female,Challenger,Université Amar Telidji
765,Denys,Dowtry,ddowtryl8@reddit.com,Female,Sportvan G30,Hogeschool Leiden
766,Carlynne,Egginton,ceggintonl9@shinystat.com,Genderqueer,Mini Cooper,European School of Economics
767,Zedekiah,O'Dunneen,zodunneenla@de.vu,Male,Ranger,University of Da Nang
768,Tresa,Kilfoyle,tkilfoylelb@buzzfeed.com,Female,Accord,Arab Academy for Science & Technology
769,Royce,Gallagher,rgallagherlc@ebay.co.uk,Male,Sierra 2500,Capital University
770,Lurlene,Kohnemann,lkohnemannld@reuters.com,Female,Accord,Jerusalem University College
771,Amelita,Durnford,adurnfordle@google.de,Female,Probe,Universidad Nacional Mayor de San Marcos
772,Rickie,Brixey,rbrixeylf@wordpress.com,Genderqueer,Civic,"Shimane University, Faculty of Medicine"
773,Sue,Hesbrook,shesbrooklg@japanpost.jp,Female,Viper,Universitat Internacional de Catalunya
774,Bibbie,Rawlinson,brawlinsonlh@howstuffworks.com,Female,GTI,Grace Bible College
775,Elysee,Gunthorpe,egunthorpeli@ox.ac.uk,Female,Elise,Saito College
776,Vanya,Mantle,vmantlelj@ibm.com,Male,9-5,"Islamic Azad University, Tehran South"
777,Rickard,Swalough,rswaloughlk@wunderground.com,Male,Savana 3500,Aristotle University of Thessaloniki
778,Ulric,Khotler,ukhotlerll@addtoany.com,Male,Gallardo,Universidad Nacional de Rosario
779,Ludovico,Boatwright,lboatwrightlm@cocolog-nifty.com,Male,Tempest,Inner Mongolia Polytechnic University
780,Wally,Allpress,wallpressln@microsoft.com,Male,Arnage,"University ""Titu Maiorescu"""
781,Cristiano,Greenier,cgreenierlo@ifeng.com,Male,Town & Country,University of Idaho
782,Ermin,Gouldeby,egouldebylp@shareasale.com,Male,Azure,Instituto Tecnológico y de Estudios Superiores de Occidente
783,Darsie,Thal,dthallq@newsvine.com,Female,X3,Kutztown University of Pennsylvania
784,Nedda,Godby,ngodbylr@joomla.org,Female,Sprinter 2500,South Eastern Kenya University
785,Aldwin,Rois,aroisls@ycombinator.com,Male,Nitro,"Troy University, Dothan"
786,Marcile,Ounsworth,mounsworthlt@multiply.com,Female,Venza,Ho Chi Minh City University of Agriculture and Forestry
787,Conrad,Pride,cpridelu@free.fr,Male,Brat,University of Bari
788,Woodrow,Gebb,wgebblv@ovh.net,Male,VUE,Pontificia Universidad Católica del Perú
789,Marwin,Crathern,mcrathernlw@nhs.uk,Male,911,Université de Haute-Alsace
790,Harriot,Pennyman,hpennymanlx@howstuffworks.com,Female,Suburban 2500,Holar University College
791,Aime,Riccio,ariccioly@uiuc.edu,Female,F150,Medizinische Universität Wien
792,Ramona,Duiged,rduigedlz@dot.gov,Female,Enclave,Istituto Universitario di Studi Superiori
793,Daffy,Sacker,dsackerm0@nytimes.com,Female,Solara,Institute of Business and Politics
794,Lurline,Carnduff,lcarnduffm1@patch.com,Female,Lancer Evolution,Chinju National University of Education
795,Abrahan,Pendergast,apendergastm2@google.cn,Male,CTS-V,University of Basel
796,Lezley,Glasper,lglasperm3@desdev.cn,Male,Suburban 1500,Chernivci National University
797,Sydney,Gristock,sgristockm4@flickr.com,Male,Taurus X,Manhattan College
798,Ferguson,Leachman,fleachmanm5@phpbb.com,Bigender,Mark VIII,Alice-Salomon-Fachhochschule für Sozialarbeit und Sozialpädagogik Berlin
799,Karole,Gadault,kgadaultm6@oakley.com,Female,Corvette,Kushiro Public University of Economics
800,Fidelity,Ryde,frydem7@google.co.jp,Female,Element,Oglethorpe University
801,Elset,Verney,everneym8@yahoo.co.jp,Female,C30,"Trinity International University (Excel), Miami"
802,Izak,Stuer,istuerm9@bluehost.com,Male,H2,University of LaVerne in Athens
803,Auberta,Stote,astotema@miibeian.gov.cn,Female,Corvette, Technological University (Yangon)
804,Lee,Babington,lbabingtonmb@phoca.cz,Male,Caravan,College of Osteopathic Medicine of the Pacific (Western University of Health Sciences)
805,Leland,Maskell,lmaskellmc@theglobeandmail.com,Female,300,Alfaisal University
806,Merrilee,Sprionghall,msprionghallmd@usatoday.com,Agender,Space,Instituto Politécnico de Leiria
807,Lanni,Trewhela,ltrewhelame@simplemachines.org,Female,Continental Mark VII,Mashhad University of Medical Sciences
808,Alister,Marsland,amarslandmf@sciencedaily.com,Male,A8,Chuvash State University
809,Wendie,Randle,wrandlemg@washington.edu,Female,GT500,Baku State University
810,Gerta,Buessen,gbuessenmh@xinhuanet.com,Female,5000S,Universidad Autónoma de Chiapas
811,Robert,Godfroy,rgodfroymi@webeden.co.uk,Male,Flex,Georgian Technical University
812,Alfi,Gerrit,agerritmj@sitemeter.com,Female,57,University of Dallas
813,Ruby,Sarson,rsarsonmk@so-net.ne.jp,Bigender,Tredia,Sanyo Gakuen University
814,Jarrett,Bamb,jbambml@cdc.gov,Male,7 Series,Udmurt State University
815,Burk,Milne,bmilnemm@github.io,Male,Silverado 3500,Universidad de Oriente
816,Felicio,Jerrim,fjerrimmn@reference.com,Male,LS Hybrid,Universidad de San Andres
817,Florida,Basler,fbaslermo@netvibes.com,Female,IS-F,Sirte University
818,Ruperta,Shuttlewood,rshuttlewoodmp@msu.edu,Female,ES,Seattle University
819,Codee,Risby,crisbymq@nifty.com,Female,Grand Marquis,Camosun College
820,Lucian,Thulborn,lthulbornmr@lulu.com,Male,LTD,Janus Pannonius University
821,Edik,Seamer,eseamerms@phoca.cz,Male,6000,Universitas Gajayana Malang
822,Katrine,Flannery,kflannerymt@google.cn,Female,G,Seattle University
823,Rusty,Maestrini,rmaestrinimu@thetimes.co.uk,Male,Prizm,Université de Kikwite
824,Sal,Frangione,sfrangionemv@hibu.com,Male,LR3,Université de Toliary
825,Fiona,Aireton,fairetonmw@diigo.com,Female,TrailBlazer,Rajendra Agricultural University
826,Liam,Tabour,ltabourmx@globo.com,Male,Corrado,Aalborg University
827,Moria,Hyde,mhydemy@tumblr.com,Female,Eclipse,Community College of Denver
828,Avie,Mayger,amaygermz@artisteer.com,Female,Bronco,Altai State Medical University
829,Hurley,Matasov,hmatasovn0@nps.gov,Male,Grand Prix,Josai University
830,Delmor,Shoorbrooke,dshoorbrooken1@i2i.jp,Male,S-Class,University of Sudbury
831,Lorry,Stanhope,lstanhopen2@tumblr.com,Male,Ram 2500,Central Academy of  Fine Art
832,Goober,Gavrielly,ggavriellyn3@geocities.jp,Male,Q,Universidad Mayor de San Andrés
833,Tanner,Fellgett,tfellgettn4@github.io,Male,Brat,Norwegian State Academy of Music
834,Walsh,O' Scallan,woscallann5@stumbleupon.com,Male,Quattroporte,Kyushu International University
835,Wilden,Varley,wvarleyn6@blogger.com,Male,911,St. Petersburg State University of Culture and Arts
836,Ali,Dofty,adoftyn7@marketwatch.com,Female,Camaro,"Institute of Teachers Education, Dato' Razali Ismail "
837,Andeee,Solloway,asollowayn8@digg.com,Female,Phantom,Universidad de Los Lagos
838,Svend,McAughtrie,smcaughtrien9@desdev.cn,Agender,Camaro,Universidad Champagnat
839,Jard,Vere,jverena@weebly.com,Male,Caprice Classic,Mohammad Ali Jinnah University
840,Loralee,Hatt,lhattnb@joomla.org,Female,911,Universidade Vale do Paraiba
841,Lona,Akred,lakrednc@phpbb.com,Female,Express 2500,"École Polytechnique de Montréal, Université de Montréal"
842,Wolfgang,Dole,wdolend@discuz.net,Polygender,Viper,Perm State Academy of Agriculture
843,Dore,Love,dlovene@ox.ac.uk,Female,Suburban 2500,Universidad Alberto Hurtado
844,Dur,Kennady,dkennadynf@mediafire.com,Male,Ram 1500,Mandalay Technological University
845,Gregory,Farrin,gfarrinng@wisc.edu,Male,S-Type,Oglala Lakota College
846,Heida,Meriott,hmeriottnh@state.gov,Genderqueer,Jetta,Kobe Jogakuin University
847,Henry,Stile,hstileni@bigcartel.com,Male,MX-5,National Kaohsiung First University of Science and Technology
848,Rice,Woodyeare,rwoodyearenj@prweb.com,Male,Jetta,Tatung Institute of Technology
849,Konstantin,Muspratt,kmusprattnk@sogou.com,Male,S10,National Taipei College of Nursing
850,Niko,Drewitt,ndrewittnl@wordpress.org,Male,Alcyone SVX,Maryville University of St. Louis
851,Cloris,Madders,cmaddersnm@cmu.edu,Female,Safari,Dutch University Institute for Art History (DUIA)
852,Silvan,Batchelor,sbatchelornn@huffingtonpost.com,Male,Raider,Makerere University
853,Madalyn,Large,mlargeno@homestead.com,Female,A8,Louisiana Tech University
854,Ronald,Garbott,rgarbottnp@gmpg.org,Male,Odyssey,Instituto Politécnico da Guarda
855,Dorian,Allnutt,dallnuttnq@illinois.edu,Female,H3,"University of Houston, Downtown"
856,Frayda,Yegorkin,fyegorkinnr@goo.gl,Female,525,Sakushin Gakuin University
857,Sasha,Gorghetto,sgorghettons@earthlink.net,Male,TSX,"Islamic Azad University, Arak"
858,Jo ann,Rowantree,jrowantreent@topsy.com,Genderfluid,Laser,California Coast University
859,Kipp,Gladstone,kgladstonenu@dailymail.co.uk,Female,Sephia,Academy of Sports and Physical Training
860,Goldy,Meach,gmeachnv@sakura.ne.jp,Female,LeMans,Universitas Indonesia
861,Malanie,Heggs,mheggsnw@indiegogo.com,Female,Capri,University of Gdansk
862,Ashla,Gaddes,agaddesnx@arstechnica.com,Female,Savana 2500,"City University of New York, New York City Technical College"
863,Layton,Hallowes,lhallowesny@skype.com,Male,Savana 2500,Edogawa University
864,Mannie,Dainton,mdaintonnz@marketwatch.com,Male,Grand Caravan,Kanto Gakuin University
865,Allina,Bowld,abowldo0@spotify.com,Female,Armada,Prince Mohammad Bin Fahd University
866,Emerson,Keohane,ekeohaneo1@reference.com,Agender,Silverado 2500,Alexandria University
867,Roger,Trew,rtrewo2@cbslocal.com,Male,Town & Country,Ecole Supérieure de Commerce de Brest
868,Osbourne,Fleg,oflego3@businessinsider.com,Male,Pilot,University of Kragujevac
869,Penni,Kuhne,pkuhneo4@hc360.com,Genderfluid,Esprit,I-Shou University
870,Stephani,Crank,scranko5@rakuten.co.jp,Female,Sundance,"University of Houston, Downtown"
871,Sophi,Maha,smahao6@pen.io,Female,LS Hybrid,University of Pannonia
872,Vanna,Santacrole,vsantacroleo7@jigsy.com,Female,STS-V,Babol University of Medical Sciences
873,Luce,Skipsea,lskipseao8@dell.com,Male,Trans Sport,St. John Fisher College
874,Fredrick,Kerrod,fkerrodo9@digg.com,Male,750,Thapar Institute of Engineering and Technology
875,Lorilee,Baleine,lbaleineoa@purevolume.com,Agender,CLK-Class,Kung Shan Institute of Technology
876,Laurianne,Penson,lpensonob@digg.com,Female,Tacoma,St. John Fisher College
877,Martelle,Sircomb,msircomboc@cam.ac.uk,Female,Silverado 2500,"City University of New York, Graduate School and University Center"
878,Ruth,McMenamie,rmcmenamieod@xrea.com,Female,Insight,Melaka Islamic University College
879,Tannie,Gerber,tgerberoe@phoca.cz,Non-binary,Ram 1500,"Payame Noor University, Tafresh"
880,Esra,Claibourn,eclaibournof@hugedomains.com,Male,APV,Institute for the Economy in Transition
881,Micah,Hudghton,mhudghtonog@yandex.ru,Male,Charger,Indiana University - East
882,Costa,Gradly,cgradlyoh@sakura.ne.jp,Male,Monte Carlo,Technical University of Iasi
883,Chloe,Escalante,cescalanteoi@creativecommons.org,Female,Camaro,Ave Maria University
884,Joshia,Salasar,jsalasaroj@google.cn,Male,Camaro,University of Holy Quran and Islamic Siences
885,Angelique,Kummerlowe,akummerloweok@nyu.edu,Female,Accord,PTPL College
886,Anya,Frascone,afrasconeol@ameblo.jp,Female,ES,Bangabandhu Sheikh Mujibur Rahman Medical University
887,Orv,Schneidar,oschneidarom@chron.com,Male,Explorer Sport Trac,Séchenyi István University
888,Helsa,Allone,halloneon@homestead.com,Female,Safari,North-West State Technical University
889,Norbie,Kermitt,nkermittoo@google.com.br,Male,Sierra 2500,Beijing Normal University
890,Barbee,Madelin,bmadelinop@feedburner.com,Female,SL-Class,"Anna University of Technology, Tirunelveli"
891,Annemarie,Simmgen,asimmgenoq@comsenz.com,Female,SL-Class,Marymount University
892,Kerk,McBeth,kmcbethor@state.gov,Male,CLK-Class,Fachhochschule Brandenburg
893,Lyon,Brittin,lbrittinos@amazon.co.uk,Male,80/90,Adama Science and Technology University
894,Sybyl,Mayoh,smayohot@ovh.net,Female,MX-5,Centro Universitário Newton Paiva
895,Lauren,Rumke,lrumkeou@scientificamerican.com,Male,4Runner,Northwestern College of Chiropractic
896,Kamilah,LLelweln,kllelwelnov@intel.com,Female,Express 1500,Universidade Nova de Lisboa
897,Rozella,Olyunin,rolyuninow@elegantthemes.com,Female,LR2,Universidade Federal do Rio Grande do Sul
898,Pieter,Minget,pmingetox@cnn.com,Male,Pajero,St. Thomas Aquinas College
899,Calhoun,Catterson,ccattersonoy@friendfeed.com,Male,2500,Suleyman Demirel University
900,Evelyn,Vinden,evindenoz@yolasite.com,Male,Xterra,Orissa University of Agriculture and Technology
901,Lorenzo,Kitchingman,lkitchingmanp0@google.cn,Male,9-3,Manchester College
902,Sancho,Yoell,syoellp1@bandcamp.com,Male,Q,Al Mansour University College
903,Gloriane,Summerlee,gsummerleep2@samsung.com,Female,Caprice,Xiangtan Normal University
904,Berton,Messer,bmesserp3@nifty.com,Male,9000,American University of Armenia
905,Rivkah,Michelle,rmichellep4@seesaa.net,Female,Explorer,Ranchi University
906,Bryce,Jacmard,bjacmardp5@bizjournals.com,Male,S4,Nivadhana University
907,Rafaelita,Jerram,rjerramp6@addthis.com,Female,Elise,Oregon Health Sciences University
908,Nada,de Savery,ndesaveryp7@bloomberg.com,Female,Cooper,University of Tennessee Space Institute
909,Lief,Lacroux,llacrouxp8@vkontakte.ru,Male,RSX,Agricultural University of Warsaw
910,Marketa,Vero,mverop9@uol.com.br,Female,Crossfire,Stonehill College
911,Ole,Dinsmore,odinsmorepa@ehow.com,Male,Escalade EXT,Kampala International University
912,Bernadina,Ponder,bponderpb@vkontakte.ru,Female,Liberty,Pittsburg State University
913,Linnet,Beardall,lbeardallpc@go.com,Female,Continental,Polish-Japanese Institute of Information Technology in Warsaw
914,Deena,Banishevitz,dbanishevitzpd@uol.com.br,Female,Forester,Meio University
915,Constancy,Nock,cnockpe@shutterfly.com,Female,S-Class,Anglia Ruskin University
916,Edi,Witchalls,ewitchallspf@ucsd.edu,Female,Avalanche 1500,Park College
917,Gert,Leggis,gleggispg@npr.org,Female,RL,Eastern Virginia Medical School
918,Aristotle,Wyer,awyerph@buzzfeed.com,Male,MPV,Universidad de Hermosillo
919,Cherey,Laffoley-Lane,claffoleylanepi@jimdo.com,Female,IS,Hongik University
920,Grenville,Cancellor,gcancellorpj@mapy.cz,Male,Riviera,Instituto Tecnológico de Santo Domingo
921,Bev,Whitsey,bwhitseypk@nasa.gov,Male,RX,Université de Haute-Alsace
922,Quint,Sauvain,qsauvainpl@ocn.ne.jp,Male,A4,Technical University of Budapest
923,Ketty,Biskupek,kbiskupekpm@constantcontact.com,Female,Protege5,Hirosaki University
924,Barry,Pryn,bprynpn@barnesandnoble.com,Male,B-Series,Lincoln University Missouri
925,Eustace,Harrower,eharrowerpo@gravatar.com,Male,Lanos,Wheeling Jesuit University
926,Keith,Such,ksuchpp@dropbox.com,Male,XJ Series,Cheju National University of Education
927,Jaimie,Bohills,jbohillspq@yahoo.co.jp,Male,Golf,College of Dunaujvaros
928,Dyan,Taylo,dtaylopr@webs.com,Female,Ram 1500 Club,Osaka Electro-Communication University
929,Dore,Ostridge,dostridgeps@booking.com,Female,928,Don State Technical University
930,Tomkin,Turney,tturneypt@fda.gov,Male,Justy,Lincoln University
931,Olav,Duckwith,oduckwithpu@bizjournals.com,Male,Coachbuilder,Hohai University Changzhou
932,Morgen,McMorran,mmcmorranpv@github.io,Female,Optima,Perdana University
933,Kaitlyn,Camillo,kcamillopw@google.pl,Female,Pajero,Universitas Simalungun
934,Archibaldo,Lambrook,alambrookpx@cbc.ca,Male,F150,Hsuan Chuang University
935,Alasteir,Goulborne,agoulbornepy@bloglines.com,Male,GS,Norwegian University of Sport and Physical Education
936,Francois,Barnard,fbarnardpz@indiegogo.com,Male,S80,The Juilliard School
937,Kata,MacAne,kmacaneq0@hatena.ne.jp,Female,Explorer,Hiroshima International University
938,Sanderson,Lopez,slopezq1@sogou.com,Male,S2000,Tainan National College of the Arts
939,Jamil,Nucator,jnucatorq2@businesswire.com,Male,Tacoma,Ruhr-Universität Bochum
940,Quinn,Davion,qdavionq3@narod.ru,Female,599 GTB Fiorano,Mount Holyoke College
941,Iosep,Davidowich,idavidowichq4@theguardian.com,Male,Esteem,Uzhgorod National University
942,Fletch,Cranmer,fcranmerq5@dot.gov,Male,V8,Université Badji Mokhtar
943,Catherine,Torregiani,ctorregianiq6@com.com,Polygender,Prelude,Bashkir State University
944,Janie,Gilliat,jgilliatq7@bbb.org,Female,Prizm,Kobe Design University
945,Hilary,McFall,hmcfallq8@newyorker.com,Male,Diablo,Belgorod State University
946,Abigale,Caulcott,acaulcottq9@spiegel.de,Female,Corvette,Fundación Universitaria Manuela Beltrán
947,Edsel,Sammons,esammonsqa@squidoo.com,Male,Safari,Université de l'Uélé
948,Cammi,Shillitto,cshillittoqb@state.tx.us,Female,G,Arthur D. Little Management Education Institute
949,Kellina,Bowra,kbowraqc@usatoday.com,Genderfluid,LTD Crown Victoria,New Mexico State University
950,Clerkclaude,Macia,cmaciaqd@clickbank.net,Male,Parisienne,University of Mississippi Medical Center
951,Candis,Longbone,clongboneqe@wikipedia.org,Female,9-5,Bahcesehir University
952,Zarah,Chew,zchewqf@japanpost.jp,Female,Starion,University of Toronto
953,Jermayne,Talloe,jtalloeqg@blogtalkradio.com,Male,GTI,Technological University (Pakokku)
954,Kellina,Nurdin,knurdinqh@weibo.com,Female,Diamante,College for Lifelong Learning
955,Minor,MacCorkell,mmaccorkellqi@zdnet.com,Male,Cayman,Universidad Metropolitana
956,Tibold,Dignam,tdignamqj@deviantart.com,Male,Vega,University of Sierra Leone
957,Quintina,Patnelli,qpatnelliqk@blogger.com,Genderqueer,Tercel,Business and Hotel Management School
958,Selig,O'Geaney,sogeaneyql@wikimedia.org,Male,Discovery,Showa College of Pharmaceutical Sciences
959,Celestine,Pinnion,cpinnionqm@disqus.com,Female,Corvette,Katholische Fachhochschule Norddeutschland
960,Quill,Pakeman,qpakemanqn@pen.io,Male,CL-Class,Tokai Women's College
961,Dillon,Affron,daffronqo@macromedia.com,Male,Voyager,Aga Khan University
962,Gerladina,Grewer,ggrewerqp@imageshack.us,Female,3500,Universitas Komputer Indonesia
963,Dwayne,Dilliway,ddilliwayqq@wikipedia.org,Male,Ion,People' s Friendship University of Russia
964,Evania,Showte,eshowteqr@google.es,Female,X5,Nagaland University
965,Reinaldos,Fairbard,rfairbardqs@free.fr,Male,Dakota Club,University of Dubuque
966,Francisco,Burnsyde,fburnsydeqt@china.com.cn,Male,E-Class,Westminster College New Wilmington
967,Isa,Shallo,ishalloqu@mac.com,Female,Miata MX-5,The Manchester Metropolitan University
968,Allen,Elce,aelceqv@boston.com,Male,Suburban 1500,Ferdowsi University of Mashhad
969,Allistir,Pearmain,apearmainqw@feedburner.com,Male,C30,Open University Malaysia
970,Desiri,Jan,djanqx@desdev.cn,Female,Wrangler,Kankakee Community College
971,Jerrie,Wibberley,jwibberleyqy@ted.com,Female,911,Military University Shoumen
972,Gard,Whapham,gwhaphamqz@twitpic.com,Male,Fleetwood,Viterbo State University
973,Vonni,Banaszczyk,vbanaszczykr0@netvibes.com,Female,Swift,Chestnut Hill College
974,Wells,Assante,wassanter1@jigsy.com,Male,Diablo,Guru Nanak Dev University
975,Iolanthe,Rosten,irostenr2@mlb.com,Female,Clubman,Australian Defence Force Academy
976,Fabio,Blowes,fblowesr3@msn.com,Male,Ram 3500,University of South Carolina - Union
977,Florry,Oldham,foldhamr4@newyorker.com,Agender,Ram 3500,Atlantic International University
978,Corry,Bendixen,cbendixenr5@bbc.co.uk,Non-binary,Skylark,Institut National Polytechnique de Grenoble
979,Noelle,Lauridsen,nlauridsenr6@latimes.com,Female,IS,Belhaven College
980,Thia,Flament,tflamentr7@odnoklassniki.ru,Female,I,University of Management and Technology
981,Orella,Catterick,ocatterickr8@icq.com,Female,I,University of Peradeniya
982,Bethany,Varnes,bvarnesr9@netvibes.com,Non-binary,S6,Politeknik Negeri Semarang
983,Bellanca,Castellucci,bcastelluccira@businessinsider.com,Female,X6,EPF Ecole d'Ingénieurs
984,Abeu,Petrishchev,apetrishchevrb@foxnews.com,Male,Golf III,Aquinas University
985,Shaw,Cisco,sciscorc@bloglovin.com,Male,Clubman,Vinoba Bhave University
986,Bevon,Knowlys,bknowlysrd@earthlink.net,Male,Panamera,Al Ghurair University
987,Ginny,Panniers,gpanniersre@shinystat.com,Female,Quattroporte,Tokyo University of Fisheries
988,Wallas,Menhci,wmenhcirf@uol.com.br,Genderqueer,Tribute,International University of Kagoshima
989,Putnam,Emmerson,pemmersonrg@chicagotribune.com,Male,Q,National University
990,Maddalena,Foulser,mfoulserrh@blog.com,Female,Millenia,Western Carolina University
991,Nowell,Ongin,nonginri@google.com.au,Male,E150,Trakya University
992,Jobie,Bellocht,jbellochtrj@census.gov,Female,745,Instituto Politécnico do Cávado e do Ave
993,Jeramey,Pelman,jpelmanrk@posterous.com,Male,VUE,"Hochschule Harz, Hochschule für angewandte Wissenschaften (FH)"
994,Sigismund,Yakobovicz,syakoboviczrl@multiply.com,Male,NSX,Fukuoka Women's University
995,Newton,Yurkevich,nyurkevichrm@xrea.com,Male,E350,Instituto Superior de Línguas e Administração
996,Carson,Barrowclough,cbarrowcloughrn@com.com,Male,Dakota Club,Soai University
997,Roseanna,Beedle,rbeedlero@wikispaces.com,Female,Sierra 3500,National Aviation Univesity
998,Roi,Creak,rcreakrp@huffingtonpost.com,Male,CX-9,Kentucky State University
999,Laureen,Khrishtafovich,lkhrishtafovichrq@github.io,Female,Echo,Universidad Politécnica de Cataluna
1000,Teddie,Busswell,tbusswellrr@msu.edu,Female,Camaro,Université de Gafsa
